timestamp,total_value,cash,returns,regime,pos_SPY,val_SPY
2022-01-04,1000000.0,1000000.0,0.0,bull,,
2022-01-05,1000000.0,1000000.0,0.0,bear,,
2022-01-05,999501.8081773282,3968.3557984867366,-0.0004981918226717972,bear,2125.4824125258156,995533.4523788415
2022-01-06,998566.5959158168,3968.3557984867366,-0.0009356784088432984,bull,2125.4824125258156,994598.2401173301
2022-01-06,998566.5959158168,3968.3557984867366,0.0,bull,2125.4824125258156,994598.2401173301
2022-01-07,994634.453452644,3968.3557984867366,-0.0039377869030021925,bull,2125.4824125258156,990666.0976541573
2022-01-07,994634.453452644,3968.3557984867366,0.0,bull,2125.4824125258156,990666.0976541573
2022-01-10,993401.6736533791,3968.3557984867366,-0.0012394300187226186,bull,2125.4824125258156,989433.3178548923
2022-01-10,993401.6736533791,3968.3557984867366,0.0,bull,2125.4824125258156,989433.3178548923
2022-01-11,1002413.7190824886,3968.3557984867366,0.009071904817682028,bull,2125.4824125258156,998445.3632840018
2022-01-12,1005113.0817463964,3968.3557984867366,0.002692862849461544,bull,2125.4824125258156,1001144.7259479096
2022-01-13,991318.7008891038,3968.3557984867366,-0.013724207860596796,transition,2125.4824125258156,987350.3450906171
2022-01-13,991318.7008891038,3968.3557984867366,0.0,transition,2125.4824125258156,987350.3450906171
2022-01-14,991722.5425474838,3968.3557984867366,0.0004073782306515528,bull,2125.4824125258156,987754.1867489971
2022-01-14,991722.5425474838,3968.3557984867366,0.0,bull,2125.4824125258156,987754.1867489971
2022-01-18,974229.8222923963,3968.3557984867366,-0.017638724042869,bear,2125.4824125258156,970261.4664939096
2022-01-18,974229.8222923963,3968.3557984867366,0.0,bear,2125.4824125258156,970261.4664939096
2022-01-19,964155.0356570239,3968.3557984867366,-0.010341283344895067,bear,2125.4824125258156,960186.6798585372
2022-01-19,964155.0356570239,3968.3557984867366,0.0,bear,2125.4824125258156,960186.6798585372
2022-01-20,953527.6235943949,3968.3557984867366,-0.011022513672178203,bear,2125.4824125258156,949559.2677959081
2022-01-20,953527.6235943949,3968.3557984867366,0.0,bear,2125.4824125258156,949559.2677959081
2022-01-21,934887.1428365435,3968.3557984867366,-0.01954896774524966,bear,2125.4824125258156,930918.7870380568
2022-01-21,934887.1428365435,3968.3557984867366,0.0,bear,2125.4824125258156,930918.7870380568
2022-01-24,938840.5401238414,3968.3557984867366,0.004228742814135687,bear,2125.4824125258156,934872.1843253546
2022-01-24,938840.5401238414,3968.3557984867366,0.0,bear,2125.4824125258156,934872.1843253546
2022-01-25,927426.6995685779,3968.3557984867366,-0.01215737930720148,bear,2125.4824125258156,923458.3437700912
2022-01-25,927426.6995685779,3968.3557984867366,0.0,bear,2125.4824125258156,923458.3437700912
2022-01-26,925109.9237389247,3968.3557984867366,-0.002498068937125681,bear,2125.4824125258156,921141.5679404379
2022-01-26,925109.9237389247,3968.3557984867366,0.0,bear,2125.4824125258156,921141.5679404379
2022-01-27,920561.3913761195,3968.3557984867366,-0.004916747995115936,bear,2125.4824125258156,916593.0355776327
2022-01-27,920561.3913761195,3968.3557984867366,0.0,bear,2125.4824125258156,916593.0355776327
2022-01-28,943325.3080142708,3968.3557984867366,0.024728298244316223,bear,2125.4824125258156,939356.9522157841
2022-01-28,943325.3080142708,3968.3557984867366,0.0,bear,2125.4824125258156,939356.9522157841
2022-01-31,960244.1480179764,3968.3557984867366,0.017935318664692956,bear,2125.4824125258156,956275.7922194897
2022-01-31,960244.1480179764,3968.3557984867366,0.0,bear,2125.4824125258156,956275.7922194897
2022-02-01,966705.6145520549,3968.3557984867366,0.006728982985645342,transition,2125.4824125258156,962737.2587535682
2022-02-01,966705.6145520549,3968.3557984867366,0.0,transition,2125.4824125258156,962737.2587535682
2022-02-02,976057.7371671685,3968.3557984867366,0.009674219818664382,transition,2125.4824125258156,972089.3813686818
2022-02-03,953208.8012325161,3968.3557984867366,-0.02340941018608937,bear,2125.4824125258156,949240.4454340293
2022-02-03,953208.8012325161,3968.3557984867366,0.0,bear,2125.4824125258156,949240.4454340293
2022-02-04,957672.3142988201,3968.3557984867366,0.00468261839434616,bull,2125.4824125258156,953703.9585003334
2022-02-04,957672.3142988201,3968.3557984867366,0.0,bull,2125.4824125258156,953703.9585003334
2022-02-07,954611.6196247829,3968.3557984867366,-0.0031959728065002234,bull,2125.4824125258156,950643.2638262962
2022-02-07,954611.6196247829,3968.3557984867366,0.0,bull,2125.4824125258156,950643.2638262962
2022-02-08,962433.394902878,3968.3557984867366,0.00819367281656329,bull,2125.4824125258156,958465.0391043912
2022-02-09,976461.5788255484,3968.3557984867366,0.014575745186071873,bear,2125.4824125258156,972493.2230270617
2022-02-10,958990.1133945861,3968.3557984867366,-0.017892629684391984,bear,2125.4824125258156,955021.7575960994
2022-02-11,940158.3392196074,3968.3557984867366,-0.01963708896676623,bear,2125.4824125258156,936189.9834211207
2022-02-11,940158.3392196074,3968.3557984867366,0.0,bear,2125.4824125258156,936189.9834211207
2022-02-14,937097.6445455702,3968.3557984867366,-0.0032555097863384798,bear,2125.4824125258156,933129.2887470835
2022-02-14,937097.6445455702,3968.3557984867366,0.0,bear,2125.4824125258156,933129.2887470835
2022-02-15,952146.0600262531,3968.3557984867366,0.016058535167891,bear,2125.4824125258156,948177.7042277664
2022-02-16,953208.8012325161,3968.3557984867366,0.0011161535513087737,bear,2125.4824125258156,949240.4454340293
2022-02-17,932931.6990170197,3968.3557984867366,-0.02127246642003064,bear,2125.4824125258156,928963.343218533
2022-02-17,932931.6990170197,3968.3557984867366,0.0,bear,2125.4824125258156,928963.343218533
2022-02-18,926916.5837895717,3968.3557984867366,-0.006447540836897129,bear,2125.4824125258156,922948.2279910849
2022-02-18,926916.5837895717,3968.3557984867366,0.0,bear,2125.4824125258156,922948.2279910849
2022-02-22,917011.8357472013,3968.3557984867366,-0.010685695148398469,bear,2125.4824125258156,913043.4799487146
2022-02-22,917011.8357472013,3968.3557984867366,0.0,bear,2125.4824125258156,913043.4799487146
2022-02-23,900815.6597637546,3968.3557984867366,-0.017661905061726674,bear,2125.4824125258156,896847.3039652678
2022-02-23,900815.6597637546,3968.3557984867366,0.0,bear,2125.4824125258156,896847.3039652678
2022-02-24,914312.4730832935,3968.3557984867366,0.014982880429808014,bear,2125.4824125258156,910344.1172848068
2022-02-24,914312.4730832935,3968.3557984867366,0.0,bear,2125.4824125258156,910344.1172848068
2022-02-25,934398.2818816626,3968.3557984867366,0.021968210420048824,bear,2125.4824125258156,930429.9260831758
2022-02-25,934398.2818816626,3968.3557984867366,0.0,bear,2125.4824125258156,930429.9260831758
2022-02-28,932017.7415796336,3968.3557984867366,-0.0025476719597933516,bear,2125.4824125258156,928049.3857811468
2022-02-28,932017.7415796336,3968.3557984867366,0.0,bear,2125.4824125258156,928049.3857811468
2022-03-01,917883.283536337,3968.3557984867366,-0.01516543882452361,bear,2125.4824125258156,913914.9277378502
2022-03-01,917883.283536337,3968.3557984867366,0.0,bear,2125.4824125258156,913914.9277378502
2022-03-02,934695.849419416,3968.3557984867366,0.01831667074086496,bear,2125.4824125258156,930727.4936209293
2022-03-02,934695.849419416,3968.3557984867366,0.0,bear,2125.4824125258156,930727.4936209293
2022-03-03,930062.2977601098,3968.3557984867366,-0.004957282801870145,bear,2125.4824125258156,926093.941961623
2022-03-03,930062.2977601098,3968.3557984867366,0.0,bear,2125.4824125258156,926093.941961623
2022-03-04,922538.0900197685,3968.3557984867366,-0.00809000403355994,bear,2125.4824125258156,918569.7342212817
2022-03-04,922538.0900197685,3968.3557984867366,0.0,bear,2125.4824125258156,918569.7342212817
2022-03-07,895459.4440841896,3968.3557984867366,-0.02935233377192979,bear,2125.4824125258156,891491.0882857029
2022-03-07,895459.4440841896,3968.3557984867366,0.0,bear,2125.4824125258156,891491.0882857029
2022-03-08,888700.4100123575,3968.3557984867366,-0.007548118584806179,bear,2125.4824125258156,884732.0542138708
2022-03-08,888700.4100123575,3968.3557984867366,0.0,bear,2125.4824125258156,884732.0542138708
2022-03-09,912420.7937361456,3968.3557984867366,0.026691091234512028,bear,2125.4824125258156,908452.4379376589
2022-03-09,912420.7937361456,3968.3557984867366,0.0,bear,2125.4824125258156,908452.4379376589
2022-03-10,908318.6126799708,3968.3557984867366,-0.004495931136528954,bear,2125.4824125258156,904350.2568814841
2022-03-10,908318.6126799708,3968.3557984867366,0.0,bear,2125.4824125258156,904350.2568814841
2022-03-11,896819.752828206,3968.3557984867366,-0.012659500412347223,bear,2125.4824125258156,892851.3970297193
2022-03-11,896819.752828206,3968.3557984867366,0.0,bear,2125.4824125258156,892851.3970297193
2022-03-14,890294.5218217518,3968.3557984867366,-0.0072759670891238476,bear,2125.4824125258156,886326.1660232651
2022-03-14,890294.5218217518,3968.3557984867366,0.0,bear,2125.4824125258156,886326.1660232651
2022-03-15,909785.1955446136,3968.3557984867366,0.021892388692878063,bear,2125.4824125258156,905816.8397461269
2022-03-15,909785.1955446136,3968.3557984867366,0.0,bear,2125.4824125258156,905816.8397461269
2022-03-16,929871.0043429825,3968.3557984867366,0.022077528736159726,bear,2125.4824125258156,925902.6485444958
2022-03-17,941454.8834912482,3968.3557984867366,0.012457511949682202,bear,2125.4824125258156,937486.5276927615
2022-03-18,948787.7978144622,3968.3557984867366,0.0077889173998661855,bear,2125.4824125258156,944819.4420159755
2022-03-21,948511.4851008339,3968.3557984867366,-0.00029122709447230815,bull,2125.4824125258156,944543.1293023472
2022-03-22,959563.9936459681,3968.3557984867366,0.01165247729600159,bear,2125.4824125258156,955595.6378474814
2022-03-23,947257.4504774438,3968.3557984867366,-0.012825140636805621,bear,2125.4824125258156,943289.094678957
2022-03-24,961476.9278172414,3968.3557984867366,0.015011206649924629,bear,2125.4824125258156,957508.5720187547
2022-03-25,966152.9891247982,3968.3557984867366,0.004863414994442427,bull,2125.4824125258156,962184.6333263115
2022-03-28,972997.0424931314,3968.3557984867366,0.007083819483426654,bull,2125.4824125258156,969028.6866946446
2022-03-29,984984.7632997769,3968.3557984867366,0.012320408267561823,bull,2125.4824125258156,981016.4075012902
2022-03-30,978927.1384240784,3968.3557984867366,-0.006149968102455783,bull,2125.4824125258156,974958.7826255916
2022-03-31,963921.232591646,3968.3557984867366,-0.015328930257863235,transition,2125.4824125258156,959952.8767931593
2022-04-01,966641.8500796792,3968.3557984867366,0.002822447930437586,bull,2125.4824125258156,962673.4942811924
2022-04-04,974888.7218402793,3968.3557984867366,0.008531465671510446,bull,2125.4824125258156,970920.3660417926
2022-04-05,962624.6883200053,3968.3557984867366,-0.012579931684021734,bull,2125.4824125258156,958656.3325215186
2022-04-06,953038.7626395138,3968.3557984867366,-0.009958113267613226,bull,2125.4824125258156,949070.4068410271
2022-04-07,957821.0980676969,3968.3557984867366,0.005017986272602427,bull,2125.4824125258156,953852.7422692102
2022-04-08,955270.519172666,3968.3557984867366,-0.002662896964972286,bull,2125.4824125258156,951302.1633741793
2022-04-11,939010.5787168435,3968.3557984867366,-0.017021294104108648,bear,2125.4824125258156,935042.2229183568
2022-04-11,939010.5787168435,3968.3557984867366,0.0,bear,2125.4824125258156,935042.2229183568
2022-04-12,935546.0423844265,3968.3557984867366,-0.00368956049158821,bull,2125.4824125258156,931577.6865859397
2022-04-12,935546.0423844265,3968.3557984867366,0.0,bull,2125.4824125258156,931577.6865859397
2022-04-13,946215.964095306,3968.3557984867366,0.011405020413196458,bull,2125.4824125258156,942247.6082968193
2022-04-13,946215.964095306,3968.3557984867366,0.0,bull,2125.4824125258156,942247.6082968193
2022-04-14,934483.3011781636,3968.3557984867366,-0.01239956137112968,transition,2125.4824125258156,930514.9453796769
2022-04-14,934483.3011781636,3968.3557984867366,0.0,transition,2125.4824125258156,930514.9453796769
2022-04-18,934865.8880124183,3968.3557984867366,0.00040941002773652843,bull,2125.4824125258156,930897.5322139316
2022-04-18,934865.8880124183,3968.3557984867366,0.0,bull,2125.4824125258156,930897.5322139316
2022-04-19,949893.0486689757,3968.3557984867366,0.016074135177299147,transition,2125.4824125258156,945924.692870489
2022-04-19,949893.0486689757,3968.3557984867366,0.0,transition,2125.4824125258156,945924.692870489
2022-04-20,949191.6394728421,3968.3557984867366,-0.0007384085999117992,bull,2125.4824125258156,945223.2836743554
2022-04-20,949191.6394728421,3968.3557984867366,0.0,bull,2125.4824125258156,945223.2836743554
2022-04-21,935057.1814295455,3968.3557984867366,-0.014891047766862467,bear,2125.4824125258156,931088.8256310588
2022-04-21,935057.1814295455,3968.3557984867366,0.0,bear,2125.4824125258156,931088.8256310588
2022-04-22,909508.8828309852,3968.3557984867366,-0.027322712563419074,bear,2125.4824125258156,905540.5270324985
2022-04-22,909508.8828309852,3968.3557984867366,0.0,bear,2125.4824125258156,905540.5270324985
2022-04-25,914758.824389924,3968.3557984867366,0.005772281786404836,bear,2125.4824125258156,910790.4685914372
2022-04-25,914758.824389924,3968.3557984867366,0.0,bear,2125.4824125258156,910790.4685914372
2022-04-26,888381.5876504786,3968.3557984867366,-0.028835181510314497,bear,2125.4824125258156,884413.2318519918
2022-04-26,888381.5876504786,3968.3557984867366,0.0,bear,2125.4824125258156,884413.2318519918
2022-04-27,890868.4020731337,3968.3557984867366,0.002799263804230885,bear,2125.4824125258156,886900.046274647
2022-04-27,890868.4020731337,3968.3557984867366,0.0,bear,2125.4824125258156,886900.046274647
2022-04-28,913270.9867011559,3968.3557984867366,0.025146906743902082,bear,2125.4824125258156,909302.6309026692
2022-04-28,913270.9867011559,3968.3557984867366,0.0,bear,2125.4824125258156,909302.6309026692
2022-04-29,879667.1097591227,3968.3557984867366,-0.03679507772760241,bear,2125.4824125258156,875698.753960636
2022-04-29,879667.1097591227,3968.3557984867366,0.0,bear,2125.4824125258156,875698.753960636
2022-05-02,884938.3061421869,3968.3557984867366,0.0059922626691221266,bear,2125.4824125258156,880969.9503437001
2022-05-02,884938.3061421869,3968.3557984867366,0.0,bear,2125.4824125258156,880969.9503437001
2022-05-03,888976.7227259858,3968.3557984867366,0.004563500704816446,bear,2125.4824125258156,885008.3669274991
2022-05-03,888976.7227259858,3968.3557984867366,0.0,bear,2125.4824125258156,885008.3669274991
2022-05-04,915927.8397168132,3968.3557984867366,0.030317010897859768,bear,2125.4824125258156,911959.4839183264
2022-05-04,915927.8397168132,3968.3557984867366,0.0,bear,2125.4824125258156,911959.4839183264
2022-05-05,883514.2329257944,3968.3557984867366,-0.03538882146113212,bear,2125.4824125258156,879545.8771273077
2022-05-05,883514.2329257944,3968.3557984867366,0.0,bear,2125.4824125258156,879545.8771273077
2022-05-06,878264.2913668556,3968.3557984867366,-0.005942113169533694,bear,2125.4824125258156,874295.9355683689
2022-05-06,878264.2913668556,3968.3557984867366,0.0,bear,2125.4824125258156,874295.9355683689
2022-05-09,850271.6879938907,3968.3557984867366,-0.0318726420373981,bear,2125.4824125258156,846303.332195404
2022-05-09,850271.6879938907,3968.3557984867366,0.0,bear,2125.4824125258156,846303.332195404
2022-05-10,852227.1318134144,3968.3557984867366,0.0022997870529328063,bear,2125.4824125258156,848258.7760149277
2022-05-10,852227.1318134144,3968.3557984867366,0.0,bear,2125.4824125258156,848258.7760149277
2022-05-11,838751.5733180008,3968.3557984867366,-0.01581216789794009,bear,2125.4824125258156,834783.217519514
2022-05-11,838751.5733180008,3968.3557984867366,0.0,bear,2125.4824125258156,834783.217519514
2022-05-12,837880.1255288651,3968.3557984867366,-0.0010389820023684472,bear,2125.4824125258156,833911.7697303784
2022-05-12,837880.1255288651,3968.3557984867366,0.0,bear,2125.4824125258156,833911.7697303784
2022-05-13,857817.1505583575,3968.3557984867366,0.0237946030966043,bear,2125.4824125258156,853848.7947598707
2022-05-13,857817.1505583575,3968.3557984867366,0.0,bear,2125.4824125258156,853848.7947598707
2022-05-16,854352.6142259402,3968.3557984867366,-0.004038781843149435,bear,2125.4824125258156,850384.2584274535
2022-05-16,854352.6142259402,3968.3557984867366,0.0,bear,2125.4824125258156,850384.2584274535
2022-05-17,871845.3344810277,3968.3557984867366,0.020474824988902525,bear,2125.4824125258156,867876.9786825409
2022-05-17,871845.3344810277,3968.3557984867366,0.0,bear,2125.4824125258156,867876.9786825409
2022-05-18,836859.8939708528,3968.3557984867366,-0.04012803547431974,bear,2125.4824125258156,832891.5381723661
2022-05-18,836859.8939708528,3968.3557984867366,0.0,bear,2125.4824125258156,832891.5381723661
2022-05-19,831758.7361807908,3968.3557984867366,-0.006095593571651896,bear,2125.4824125258156,827790.3803823041
2022-05-19,831758.7361807908,3968.3557984867366,0.0,bear,2125.4824125258156,827790.3803823041
2022-05-20,832120.0681909203,3968.3557984867366,0.0004344192545408115,bear,2125.4824125258156,828151.7123924335
2022-05-20,832120.0681909203,3968.3557984867366,0.0,bear,2125.4824125258156,828151.7123924335
2022-05-23,847614.8349782334,3968.3557984867366,0.018620830550331185,bear,2125.4824125258156,843646.4791797467
2022-05-23,847614.8349782334,3968.3557984867366,0.0,bear,2125.4824125258156,843646.4791797467
2022-05-24,841174.6232682802,3968.3557984867366,-0.007598040341187098,bear,2125.4824125258156,837206.2674697934
2022-05-24,841174.6232682802,3968.3557984867366,0.0,bear,2125.4824125258156,837206.2674697934
2022-05-25,848571.3020638701,3968.3557984867366,0.008793273823277105,bear,2125.4824125258156,844602.9462653834
2022-05-25,848571.3020638701,3968.3557984867366,0.0,bear,2125.4824125258156,844602.9462653834
2022-05-26,865447.6324193251,3968.3557984867366,0.01988793436026981,bear,2125.4824125258156,861479.2766208383
2022-05-27,886596.1824239569,3968.3557984867366,0.024436544988299197,bear,2125.4824125258156,882627.8266254702
2022-05-31,881643.8084027718,3968.3557984867366,-0.005585828271497052,bear,2125.4824125258156,877675.4526042851
2022-06-01,874544.6971449355,3968.3557984867366,-0.008052130792703494,bear,2125.4824125258156,870576.3413464488
2022-06-02,891123.4599626368,3968.3557984867366,0.018957021718643823,bear,2125.4824125258156,887155.1041641501
2022-06-03,876563.9054368351,3968.3557984867366,-0.016338425796142923,bear,2125.4824125258156,872595.5496383484
2022-06-06,879220.7584524924,3968.3557984867366,0.0030309861028708913,bear,2125.4824125258156,875252.4026540057
2022-06-07,887616.4139819694,3968.3557984867366,0.00954897327976428,bear,2125.4824125258156,883648.0581834826
2022-06-08,878009.2334773527,3968.3557984867366,-0.01082357238248622,bear,2125.4824125258156,874040.8776788659
2022-06-09,857222.0154828501,3968.3557984867366,-0.023675397936505527,bear,2125.4824125258156,853253.6596843634
2022-06-09,857222.0154828501,3968.3557984867366,0.0,bear,2125.4824125258156,853253.6596843634
2022-06-10,832481.4002010496,3968.3557984867366,-0.02886138577281497,bear,2125.4824125258156,828513.0444025629
2022-06-10,832481.4002010496,3968.3557984867366,0.0,bear,2125.4824125258156,828513.0444025629
2022-06-13,801024.2604956676,3968.3557984867366,-0.037787198245852645,bear,2125.4824125258156,797055.9046971808
2022-06-13,801024.2604956676,3968.3557984867366,0.0,bear,2125.4824125258156,797055.9046971808
2022-06-14,798622.4653695134,3968.3557984867366,-0.002998404972987949,bear,2125.4824125258156,794654.1095710266
2022-06-14,798622.4653695134,3968.3557984867366,0.0,bear,2125.4824125258156,794654.1095710266
2022-06-15,809951.286628276,3968.3557984867366,0.014185452763992688,bear,2125.4824125258156,805982.9308297893
2022-06-15,809951.286628276,3968.3557984867366,0.0,bear,2125.4824125258156,805982.9308297893
2022-06-16,783276.482351077,3968.3557984867366,-0.032933837772198354,bear,2125.4824125258156,779308.1265525903
2022-06-16,783276.482351077,3968.3557984867366,0.0,bear,2125.4824125258156,779308.1265525903
2022-06-17,781597.3512451816,3968.3557984867366,-0.0021437272070971916,bear,2125.4824125258156,777628.9954466949
2022-06-17,781597.3512451816,3968.3557984867366,0.0,bear,2125.4824125258156,777628.9954466949
2022-06-21,801173.0442645444,3968.3557984867366,0.02504575148339006,bear,2125.4824125258156,797204.6884660576
2022-06-21,801173.0442645444,3968.3557984867366,0.0,bear,2125.4824125258156,797204.6884660576
2022-06-22,799727.7162240267,3968.3557984867366,-0.0018040148141084884,bear,2125.4824125258156,795759.36042554
2022-06-22,799727.7162240267,3968.3557984867366,0.0,bear,2125.4824125258156,795759.36042554
2022-06-23,807528.2366779966,3968.3557984867366,0.009753970377318623,bear,2125.4824125258156,803559.8808795098
2022-06-23,807528.2366779966,3968.3557984867366,0.0,bear,2125.4824125258156,803559.8808795098
2022-06-24,833076.5352765569,3968.3557984867366,0.03163765356820297,bear,2125.4824125258156,829108.1794780701
2022-06-24,833076.5352765569,3968.3557984867366,0.0,bear,2125.4824125258156,829108.1794780701
2022-06-27,829909.5664818933,3968.3557984867366,-0.003801534025456872,bear,2125.4824125258156,825941.2106834066
2022-06-27,829909.5664818933,3968.3557984867366,0.0,bear,2125.4824125258156,825941.2106834066
2022-06-28,813033.2361264384,3968.3557984867366,-0.020335143775961205,bear,2125.4824125258156,809064.8803279516
2022-06-28,813033.2361264384,3968.3557984867366,0.0,bear,2125.4824125258156,809064.8803279516
2022-06-29,812374.3365785554,3968.3557984867366,-0.0008104214177297075,bear,2125.4824125258156,808405.9807800687
2022-06-29,812374.3365785554,3968.3557984867366,0.0,bear,2125.4824125258156,808405.9807800687
2022-06-30,805806.5959238507,3968.3557984867366,-0.008084623502960266,bear,2125.4824125258156,801838.2401253639
2022-06-30,805806.5959238507,3968.3557984867366,0.0,bear,2125.4824125258156,801838.2401253639
2022-07-01,814287.2707498287,3968.3557984867366,0.010524454464479749,bear,2125.4824125258156,810318.9149513419
2022-07-01,814287.2707498287,3968.3557984867366,0.0,bear,2125.4824125258156,810318.9149513419
2022-07-05,815817.6180868472,3968.3557984867366,0.0018793703303373222,bear,2125.4824125258156,811849.2622883605
2022-07-05,815817.6180868472,3968.3557984867366,0.0,bear,2125.4824125258156,811849.2622883605
2022-07-06,818559.4903990056,3968.3557984867366,0.0033608888204550423,transition,2125.4824125258156,814591.1346005189
2022-07-06,818559.4903990056,3968.3557984867366,0.0,transition,2125.4824125258156,814591.1346005189
2022-07-07,830759.7594469037,3968.3557984867366,0.014904560011821647,bear,2125.4824125258156,826791.403648417
2022-07-08,830079.6050748955,3968.3557984867366,-0.0008187136705574132,bull,2125.4824125258156,826111.2492764088
2022-07-11,820642.4631632809,3968.3557984867366,-0.0113689601020413,transition,2125.4824125258156,816674.1073647941
2022-07-12,813415.822960693,3968.3557984867366,-0.00880607636939932,transition,2125.4824125258156,809447.4671622063
2022-07-13,809164.8581356414,3968.3557984867366,-0.005226066060011995,bull,2125.4824125258156,805196.5023371547
2022-07-13,809164.8581356414,3968.3557984867366,0.0,bull,2125.4824125258156,805196.5023371547
2022-07-14,807209.4143161178,3968.3557984867366,-0.0024166198023343704,bull,2125.4824125258156,803241.058517631
2022-07-14,807209.4143161178,3968.3557984867366,0.0,bull,2125.4824125258156,803241.058517631
2022-07-15,822555.3973345541,3968.3557984867366,0.019011154659832285,bear,2125.4824125258156,818587.0415360674
2022-07-18,815796.3632627219,3968.3557984867366,-0.008217117161633706,bull,2125.4824125258156,811828.0074642352
2022-07-19,837731.3417599883,3968.3557984867366,0.026887811082583122,bear,2125.4824125258156,833762.9859615016
2022-07-20,843045.0477913029,3968.3557984867366,0.00634297150701203,bull,2125.4824125258156,839076.6919928162
2022-07-21,851589.4870896568,3968.3557984867366,0.010135210829764634,bull,2125.4824125258156,847621.13129117
2022-07-22,843725.2021633112,3968.3557984867366,-0.009234830919792235,bull,2125.4824125258156,839756.8463648245
2022-07-25,844745.4337213236,3968.3557984867366,0.0012091988664040773,bull,2125.4824125258156,840777.0779228369
2022-07-26,834798.1760307028,3968.3557984867366,-0.011775450086543328,transition,2125.4824125258156,830829.820232216
2022-07-27,856371.8225178398,3968.3557984867366,0.025842948758843024,bear,2125.4824125258156,852403.4667193531
2022-07-28,867062.9990528446,3968.3557984867366,0.01248426939547282,transition,2125.4824125258156,863094.6432543579
2022-07-29,879645.8549349975,3968.3557984867366,0.014512043410799532,bear,2125.4824125258156,875677.4991365108
2022-08-01,877052.766391716,3968.3557984867366,-0.0029478778632716467,bull,2125.4824125258156,873084.4105932292
2022-08-02,871292.709053771,3968.3557984867366,-0.006567515158343823,bull,2125.4824125258156,867324.3532552843
2022-08-03,884874.541669811,3968.3557984867366,0.015588139869539329,bear,2125.4824125258156,880906.1858713243
2022-08-04,884279.4065943038,3968.3557984867366,-0.0006725643551504652,bull,2125.4824125258156,880311.050795817
2022-08-05,882791.5689055357,3968.3557984867366,-0.0016825425059917186,bull,2125.4824125258156,878823.213107049
2022-08-08,881771.3373475233,3968.3557984867366,-0.0011556879267404943,bull,2125.4824125258156,877802.9815490366
2022-08-09,878285.546190981,3968.3557984867366,-0.0039531690461020695,bull,2125.4824125258156,874317.1903924943
2022-08-10,896649.714235204,3968.3557984867366,0.02090910880164905,bear,2125.4824125258156,892681.3584367173
2022-08-11,896649.714235204,3968.3557984867366,0.0,bull,2125.4824125258156,892681.3584367173
2022-08-12,911761.8941882626,3968.3557984867366,0.016854050933310685,bear,2125.4824125258156,907793.5383897759
2022-08-15,915502.743234308,3968.3557984867366,0.004102879348095363,bull,2125.4824125258156,911534.3874358212
2022-08-16,917288.1484608296,3968.3557984867366,0.0019501910176851478,bull,2125.4824125258156,913319.7926623429
2022-08-17,910805.427102626,3968.3557984867366,-0.007067268196020419,bull,2125.4824125258156,906837.0713041392
2022-08-18,913441.0252941579,3968.3557984867366,0.0028937005787460996,bull,2125.4824125258156,909472.6694956712
2022-08-19,901219.5014221345,3968.3557984867366,-0.013379652909817267,transition,2125.4824125258156,897251.1456236477
2022-08-22,882536.5110160327,3968.3557984867366,-0.02073078797853335,bear,2125.4824125258156,878568.1552175459
2022-08-22,882536.5110160327,3968.3557984867366,0.0,bear,2125.4824125258156,878568.1552175459
2022-08-23,880411.0286035069,3968.3557984867366,-0.002408379014346738,bull,2125.4824125258156,876442.6728050201
2022-08-23,880411.0286035069,3968.3557984867366,0.0,bull,2125.4824125258156,876442.6728050201
2022-08-24,883216.665388041,3968.3557984867366,0.0031867351650334734,bull,2125.4824125258156,879248.3095895542
2022-08-24,883216.665388041,3968.3557984867366,0.0,bull,2125.4824125258156,879248.3095895542
2022-08-25,895629.4826771916,3968.3557984867366,0.014054102210239774,bear,2125.4824125258156,891661.1268787049
2022-08-26,865447.6324193251,3968.3557984867366,-0.03369903608761044,bear,2125.4824125258156,861479.2766208383
2022-08-26,865447.6324193251,3968.3557984867366,0.0,bear,2125.4824125258156,861479.2766208383
2022-08-29,859751.3395537558,3968.3557984867366,-0.006581903574737934,bull,2125.4824125258156,855782.9837552691
2022-08-29,859751.3395537558,3968.3557984867366,0.0,bull,2125.4824125258156,855782.9837552691
2022-08-30,850356.7072903917,3968.3557984867366,-0.0109271504807894,bull,2125.4824125258156,846388.3514919049
2022-08-30,850356.7072903917,3968.3557984867366,0.0,bull,2125.4824125258156,846388.3514919049
2022-08-31,843916.4955804385,3968.3557984867366,-0.0075735413794459,bull,2125.4824125258156,839948.1397819518
2022-08-31,843916.4955804385,3968.3557984867366,0.0,bull,2125.4824125258156,839948.1397819518
2022-09-01,846552.0937719706,3968.3557984867366,0.003123055664078863,bull,2125.4824125258156,842583.7379734839
2022-09-01,846552.0937719706,3968.3557984867366,0.0,bull,2125.4824125258156,842583.7379734839
2022-09-02,837667.5772876126,3968.3557984867366,-0.01049494360680319,bull,2125.4824125258156,833699.2214891259
2022-09-02,837667.5772876126,3968.3557984867366,0.0,bull,2125.4824125258156,833699.2214891259
2022-09-06,834521.8633170744,3968.3557984867366,-0.0037553249711826317,bull,2125.4824125258156,830553.5075185876
2022-09-06,834521.8633170744,3968.3557984867366,0.0,bull,2125.4824125258156,830553.5075185876
2022-09-07,849442.7498530056,3968.3557984867366,0.017879563366528736,bear,2125.4824125258156,845474.3940545189
2022-09-07,849442.7498530056,3968.3557984867366,0.0,bear,2125.4824125258156,845474.3940545189
2022-09-08,854969.0041255727,3968.3557984867366,0.006505740702976646,bull,2125.4824125258156,851000.648327086
2022-09-08,854969.0041255727,3968.3557984867366,0.0,bull,2125.4824125258156,851000.648327086
2022-09-09,868189.5047314834,3968.3557984867366,0.015463134385125522,bear,2125.4824125258156,864221.1489329967
2022-09-09,868189.5047314834,3968.3557984867366,0.0,bear,2125.4824125258156,864221.1489329967
2022-09-12,877477.8628742212,3968.3557984867366,0.010698537694959235,bull,2125.4824125258156,873509.5070757344
2022-09-13,839495.4921623849,3968.3557984867366,-0.04328584494134493,bear,2125.4824125258156,835527.1363638982
2022-09-13,839495.4921623849,3968.3557984867366,0.0,bear,2125.4824125258156,835527.1363638982
2022-09-14,842683.7157811736,3968.3557984867366,0.0037977852752685676,bull,2125.4824125258156,838715.3599826868
2022-09-14,842683.7157811736,3968.3557984867366,0.0,bull,2125.4824125258156,838715.3599826868
2022-09-15,833161.5545730579,3968.3557984867366,-0.01129980445781906,bull,2125.4824125258156,829193.1987745712
2022-09-15,833161.5545730579,3968.3557984867366,0.0,bull,2125.4824125258156,829193.1987745712
2022-09-16,823469.3547719402,3968.3557984867366,-0.011633037731901105,bull,2125.4824125258156,819500.9989734534
2022-09-16,823469.3547719402,3968.3557984867366,0.0,bull,2125.4824125258156,819500.9989734534
2022-09-19,829824.5471853924,3968.3557984867366,0.00771758217427808,bull,2125.4824125258156,825856.1913869056
2022-09-19,829824.5471853924,3968.3557984867366,0.0,bull,2125.4824125258156,825856.1913869056
2022-09-20,820344.8956255271,3968.3557984867366,-0.011423681779501945,bull,2125.4824125258156,816376.5398270404
2022-09-20,820344.8956255271,3968.3557984867366,0.0,bull,2125.4824125258156,816376.5398270404
2022-09-21,806104.1634616043,3968.3557984867366,-0.01735944508201524,bear,2125.4824125258156,802135.8076631175
2022-09-21,806104.1634616043,3968.3557984867366,0.0,bear,2125.4824125258156,802135.8076631175
2022-09-22,799366.3842138975,3968.3557984867366,-0.008358447398129193,bull,2125.4824125258156,795398.0284154108
2022-09-22,799366.3842138975,3968.3557984867366,0.0,bull,2125.4824125258156,795398.0284154108
2022-09-23,786039.6094873606,3968.3557984867366,-0.01667167270192702,bear,2125.4824125258156,782071.2536888738
2022-09-23,786039.6094873606,3968.3557984867366,0.0,bear,2125.4824125258156,782071.2536888738
2022-09-26,778302.8535057666,3968.3557984867366,-0.00984270498358185,bull,2125.4824125258156,774334.4977072799
2022-09-26,778302.8535057666,3968.3557984867366,0.0,bull,2125.4824125258156,774334.4977072799
2022-09-27,776326.1548621176,3968.3557984867366,-0.002539755102715104,bull,2125.4824125258156,772357.7990636309
2022-09-27,776326.1548621176,3968.3557984867366,0.0,bull,2125.4824125258156,772357.7990636309
2022-09-28,791523.3541116772,3968.3557984867366,0.019575791894141072,bear,2125.4824125258156,787554.9983131904
2022-09-28,791523.3541116772,3968.3557984867366,0.0,bear,2125.4824125258156,787554.9983131904
2022-09-29,775072.1202387274,3968.3557984867366,-0.020784268445765405,bear,2125.4824125258156,771103.7644402407
2022-09-29,775072.1202387274,3968.3557984867366,0.0,bear,2125.4824125258156,771103.7644402407
2022-09-30,763148.1639044576,3968.3557984867366,-0.015384318469095727,transition,2125.4824125258156,759179.8081059708
2022-09-30,763148.1639044576,3968.3557984867366,0.0,transition,2125.4824125258156,759179.8081059708
2022-10-03,783191.463054576,3968.3557984867366,0.026263968254305717,bear,2125.4824125258156,779223.1072560892
2022-10-03,783191.463054576,3968.3557984867366,0.0,bear,2125.4824125258156,779223.1072560892
2022-10-04,807336.9432608694,3968.3557984867366,0.030829600864291914,bear,2125.4824125258156,803368.5874623826
2022-10-04,807336.9432608694,3968.3557984867366,0.0,bear,2125.4824125258156,803368.5874623826
2022-10-05,805466.5187378465,3968.3557984867366,-0.0023167830218051386,bull,2125.4824125258156,801498.1629393598
2022-10-05,805466.5187378465,3968.3557984867366,0.0,bull,2125.4824125258156,801498.1629393598
2022-10-06,797198.3921531211,3968.3557984867366,-0.01026501585401896,bull,2125.4824125258156,793230.0363546343
2022-10-06,797198.3921531211,3968.3557984867366,0.0,bull,2125.4824125258156,793230.0363546343
2022-10-07,775072.1202387274,3968.3557984867366,-0.027755038309389565,bear,2125.4824125258156,771103.7644402407
2022-10-07,775072.1202387274,3968.3557984867366,0.0,bear,2125.4824125258156,771103.7644402407
2022-10-10,769184.5339560308,3968.3557984867366,-0.0075961786380384306,bull,2125.4824125258156,765216.1781575441
2022-10-10,769184.5339560308,3968.3557984867366,0.0,bull,2125.4824125258156,765216.1781575441
2022-10-11,764338.434055472,3968.3557984867366,-0.0063003085561726116,bull,2125.4824125258156,760370.0782569853
2022-10-11,764338.434055472,3968.3557984867366,0.0,bull,2125.4824125258156,760370.0782569853
2022-10-12,761830.3648086915,3968.3557984867366,-0.003281359585011334,bull,2125.4824125258156,757862.0090102048
2022-10-12,761830.3648086915,3968.3557984867366,0.0,bull,2125.4824125258156,757862.0090102048
2022-10-13,781831.1543105595,3968.3557984867366,0.026253599785157542,bear,2125.4824125258156,777862.7985120728
2022-10-13,781831.1543105595,3968.3557984867366,0.0,bear,2125.4824125258156,777862.7985120728
2022-10-14,764104.6309900942,3968.3557984867366,-0.02267308385286474,bear,2125.4824125258156,760136.2751916074
2022-10-14,764104.6309900942,3968.3557984867366,0.0,bear,2125.4824125258156,760136.2751916074
2022-10-17,783637.8143612064,3968.3557984867366,0.025563492981061968,bear,2125.4824125258156,779669.4585627196
2022-10-17,783637.8143612064,3968.3557984867366,0.0,bear,2125.4824125258156,779669.4585627196
2022-10-18,792798.6435591927,3968.3557984867366,0.011690131627266948,bull,2125.4824125258156,788830.2877607059
2022-10-19,787208.6248142498,3968.3557984867366,-0.007050994335518791,bull,2125.4824125258156,783240.2690157631
2022-10-20,780640.8841595451,3968.3557984867366,-0.008343075072703212,bull,2125.4824125258156,776672.5283610583
2022-10-20,780640.8841595451,3968.3557984867366,0.0,bull,2125.4824125258156,776672.5283610583
2022-10-21,799515.1679827743,3968.3557984867366,0.024177934061895466,bear,2125.4824125258156,795546.8121842876
2022-10-24,809249.8774321425,3968.3557984867366,0.012175765813085757,bull,2125.4824125258156,805281.5216336558
2022-10-25,822109.0460279237,3968.3557984867366,0.015890232367516757,bear,2125.4824125258156,818140.690229437
2022-10-26,815945.1470315987,3968.3557984867366,-0.007497665943595047,bull,2125.4824125258156,811976.791233112
2022-10-27,811609.1629100462,3968.3557984867366,-0.005314063252078677,bull,2125.4824125258156,807640.8071115594
2022-10-28,830823.5239192795,3968.3557984867366,0.023674401284898856,bear,2125.4824125258156,826855.1681207927
2022-10-31,824850.9183400819,3968.3557984867366,-0.007188777649220492,bull,2125.4824125258156,820882.5625415952
2022-11-01,821258.8530629133,3968.3557984867366,-0.0043548054530838905,bull,2125.4824125258156,817290.4972644266
2022-11-02,800747.9477820392,3968.3557984867366,-0.024974957900761714,bear,2125.4824125258156,796779.5919835524
2022-11-03,792543.5856696896,3968.3557984867366,-0.010245873417564845,bull,2125.4824125258156,788575.2298712028
2022-11-03,792543.5856696896,3968.3557984867366,0.0,bull,2125.4824125258156,788575.2298712028
2022-11-04,803893.6617525775,3968.3557984867366,0.01432107493911173,transition,2125.4824125258156,799925.3059540908
2022-11-07,811545.3984376703,3968.3557984867366,0.009518344339736624,bull,2125.4824125258156,807577.0426391836
2022-11-08,815902.6373833483,3968.3557984867366,0.005369063707423196,bull,2125.4824125258156,811934.2815848616
2022-11-09,799175.0907967701,3968.3557984867366,-0.020501890568983272,bear,2125.4824125258156,795206.7349982833
2022-11-09,799175.0907967701,3968.3557984867366,0.0,bear,2125.4824125258156,795206.7349982833
2022-11-10,842875.0091983009,3968.3557984867366,0.05468128186773492,bear,2125.4824125258156,838906.6533998142
2022-11-11,850994.3520141494,3968.3557984867366,0.00963291440277869,bull,2125.4824125258156,847025.9962156627
2022-11-14,843788.966635687,3968.3557984867366,-0.008467019036505399,bull,2125.4824125258156,839820.6108372003
2022-11-15,850951.842365899,3968.3557984867366,0.008488942156676237,bull,2125.4824125258156,846983.4865674123
2022-11-16,844490.3758318204,3968.3557984867366,-0.007593222333374107,bull,2125.4824125258156,840522.0200333337
2022-11-17,841918.5421126643,3968.3557984867366,-0.0030454269139809343,bull,2125.4824125258156,837950.1863141776
2022-11-18,845723.1556310854,3968.3557984867366,0.0045189805522918925,bull,2125.4824125258156,841754.7998325987
2022-11-21,842662.4609570482,3968.3557984867366,-0.0036190266917230725,bull,2125.4824125258156,838694.1051585615
2022-11-22,853948.7725675603,3968.3557984867366,0.013393632840477709,transition,2125.4824125258156,849980.4167690736
2022-11-23,859304.9882471255,3968.3557984867366,0.006272291560840032,bull,2125.4824125258156,855336.6324486388
2022-11-25,859113.6948299981,3968.3557984867366,-0.00022261411226957766,bull,2125.4824125258156,855145.3390315113
2022-11-28,845468.0977415824,3968.3557984867366,-0.01588334253141645,bear,2125.4824125258156,841499.7419430957
2022-11-29,844022.7697010649,3968.3557984867366,-0.001709500387274556,bull,2125.4824125258156,840054.4139025782
2022-11-30,870485.0257370112,3968.3557984867366,0.03135253809007864,bear,2125.4824125258156,866516.6699385245
2022-12-01,869847.3810132535,3968.3557984867366,-0.0007325165912163501,bull,2125.4824125258156,865879.0252147667
2022-12-02,868848.4042793664,3968.3557984867366,-0.001148450585346858,bull,2125.4824125258156,864880.0484808796
2022-12-05,853289.8730196774,3968.3557984867366,-0.0179070723765597,bear,2125.4824125258156,849321.5172211906
2022-12-06,841047.0943235287,3968.3557984867366,-0.014347737015585477,transition,2125.4824125258156,837078.738525042
2022-12-06,841047.0943235287,3968.3557984867366,0.0,transition,2125.4824125258156,837078.738525042
2022-12-07,839623.0211071364,3968.3557984867366,-0.0016932145964284205,bull,2125.4824125258156,835654.6653086497
2022-12-07,839623.0211071364,3968.3557984867366,0.0,bull,2125.4824125258156,835654.6653086497
2022-12-08,846169.5069377159,3968.3557984867366,0.007796934655206649,bull,2125.4824125258156,842201.1511392292
2022-12-08,846169.5069377159,3968.3557984867366,0.0,bull,2125.4824125258156,842201.1511392292
2022-12-09,839878.0789966395,3968.3557984867366,-0.007435186318454219,bull,2125.4824125258156,835909.7231981527
2022-12-09,839878.0789966395,3968.3557984867366,0.0,bull,2125.4824125258156,835909.7231981527
2022-12-12,851929.5642756608,3968.3557984867366,0.014349088969459267,transition,2125.4824125258156,847961.208477174
2022-12-13,858348.5211614888,3968.3557984867366,0.007534609849214081,bull,2125.4824125258156,854380.1653630021
2022-12-14,852886.0313612975,3968.3557984867366,-0.00636395317929797,bull,2125.4824125258156,848917.6755628107
2022-12-15,832120.0681909203,3968.3557984867366,-0.02434787580848579,bear,2125.4824125258156,828151.7123924335
2022-12-15,832120.0681909203,3968.3557984867366,0.0,bear,2125.4824125258156,828151.7123924335
2022-12-16,818602.000047256,3968.3557984867366,-0.016245333648848753,bear,2125.4824125258156,814633.6442487693
2022-12-16,818602.000047256,3968.3557984867366,0.0,bear,2125.4824125258156,814633.6442487693
2022-12-19,811694.1822065471,3968.3557984867366,-0.008438554804789278,bull,2125.4824125258156,807725.8264080604
2022-12-19,811694.1822065471,3968.3557984867366,0.0,bull,2125.4824125258156,807725.8264080604
2022-12-20,812799.4330610606,3968.3557984867366,0.0013616592045897463,bull,2125.4824125258156,808831.0772625739
2022-12-20,812799.4330610606,3968.3557984867366,0.0,bull,2125.4824125258156,808831.0772625739
2022-12-21,824893.4279883325,3968.3557984867366,0.014879433271409902,bear,2125.4824125258156,820925.0721898457
2022-12-21,824893.4279883325,3968.3557984867366,0.0,bear,2125.4824125258156,820925.0721898457
2022-12-22,813182.0198953153,3968.3557984867366,-0.014197480178230765,transition,2125.4824125258156,809213.6640968286
2022-12-22,813182.0198953153,3968.3557984867366,0.0,transition,2125.4824125258156,809213.6640968286
2022-12-23,817836.8263787468,3968.3557984867366,0.005724187659769853,bull,2125.4824125258156,813868.47058026
2022-12-23,817836.8263787468,3968.3557984867366,0.0,bull,2125.4824125258156,813868.47058026
2022-12-27,814627.3479358327,3968.3557984867366,-0.003924350603194469,bull,2125.4824125258156,810658.992137346
2022-12-27,814627.3479358327,3968.3557984867366,0.0,bull,2125.4824125258156,810658.992137346
2022-12-28,804552.5613004605,3968.3557984867366,-0.012367356265291729,transition,2125.4824125258156,800584.2055019737
2022-12-28,804552.5613004605,3968.3557984867366,0.0,transition,2125.4824125258156,800584.2055019737
2022-12-29,818963.3320573855,3968.3557984867366,0.0179115342490884,bear,2125.4824125258156,814994.9762588987
2022-12-29,818963.3320573855,3968.3557984867366,0.0,bear,2125.4824125258156,814994.9762588987
2022-12-30,816816.5948207343,3968.3557984867366,-0.0026212861463017277,bull,2125.4824125258156,812848.2390222476
2022-12-30,816816.5948207343,3968.3557984867366,0.0,bull,2125.4824125258156,812848.2390222476
2023-01-03,813394.5681365678,3968.3557984867366,-0.004189467630634441,bull,2125.4824125258156,809426.2123380811
2023-01-03,813394.5681365678,3968.3557984867366,0.0,bull,2125.4824125258156,809426.2123380811
2023-01-04,819643.4864293936,3968.3557984867366,0.007682517854946658,bull,2125.4824125258156,815675.1306309069
2023-01-04,819643.4864293936,3968.3557984867366,0.0,bull,2125.4824125258156,815675.1306309069
2023-01-05,810333.8734625307,3968.3557984867366,-0.011358124746916937,bull,2125.4824125258156,806365.5176640439
2023-01-05,810333.8734625307,3968.3557984867366,0.0,bull,2125.4824125258156,806365.5176640439
2023-01-06,828825.5704515052,3968.3557984867366,0.022819849440527708,bear,2125.4824125258156,824857.2146530185
2023-01-09,828357.9643207496,3968.3557984867366,-0.0005641791800666731,bull,2125.4824125258156,824389.6085222629
2023-01-10,834139.2764828197,3968.3557984867366,0.00697924377030735,bull,2125.4824125258156,830170.920684333
2023-01-11,844639.1596006972,3968.3557984867366,0.01258768579049615,bull,2125.4824125258156,840670.8038022105
2023-01-12,847699.8542747344,3968.3557984867366,0.003623671291163088,bull,2125.4824125258156,843731.4984762477
2023-01-13,850973.0971900242,3968.3557984867366,0.00386132296565075,bull,2125.4824125258156,847004.7413915375
2023-01-17,849421.4950288803,3968.3557984867366,-0.0018233269256894382,bull,2125.4824125258156,845453.1392303936
2023-01-18,836073.4654782183,3968.3557984867366,-0.01571425920909642,transition,2125.4824125258156,832105.1096797315
2023-01-19,830015.8406025197,3968.3557984867366,-0.007245326069801462,bull,2125.4824125258156,826047.484804033
2023-01-20,845404.3332692066,3968.3557984867366,0.018539998773416385,bear,2125.4824125258156,841435.9774707198
2023-01-23,855500.3747287042,3968.3557984867366,0.011942263674537743,bull,2125.4824125258156,851532.0189302175
2023-01-24,854586.4172913181,3968.3557984867366,-0.001068330844011597,bull,2125.4824125258156,850618.0614928313
2023-01-25,854905.239653197,3968.3557984867366,0.0003730721146838116,bull,2125.4824125258156,850936.8838547103
2023-01-26,864257.3622683106,3968.3557984867366,0.010939367524414082,bull,2125.4824125258156,860289.0064698239
2023-01-27,866234.0609119596,3968.3557984867366,0.0022871643678695403,bull,2125.4824125258156,862265.7051134729
2023-01-30,855415.3554322032,3968.3557984867366,-0.012489355900374866,bull,2125.4824125258156,851446.9996337164
2023-01-31,867934.4468419803,3968.3557984867366,0.014635102503452065,bull,2125.4824125258156,863966.0910434936
2023-02-01,877116.5308640918,3968.3557984867366,0.010579236779368454,bull,2125.4824125258156,873148.1750656051
2023-02-02,889826.9156909961,3968.3557984867366,0.014491101671955307,bull,2125.4824125258156,885858.5598925094
2023-02-03,880411.0286035069,3968.3557984867366,-0.010581706308779531,bull,2125.4824125258156,876442.6728050201
2023-02-06,875054.8129239416,3968.3557984867366,-0.006083767133245878,bull,2125.4824125258156,871086.4571254549
2023-02-07,886447.3986550801,3968.3557984867366,0.013019282407088138,bull,2125.4824125258156,882479.0428565934
2023-02-08,876797.7085022129,3968.3557984867366,-0.010885801196447484,bull,2125.4824125258156,872829.3527037262
2023-02-09,869230.9911136209,3968.3557984867366,-0.00862994658313807,bull,2125.4824125258156,865262.6353151342
2023-02-10,871250.1994055206,3968.3557984867366,0.0023229823977084893,bull,2125.4824125258156,867281.8436070338
2023-02-13,881431.2601615192,3968.3557984867366,0.011685576385457851,bull,2125.4824125258156,877462.9043630324
2023-02-14,881027.4185031393,3968.3557984867366,-0.00045816579991261034,bull,2125.4824125258156,877059.0627046525
2023-02-15,883875.5649359239,3968.3557984867366,0.0032327557269711356,bull,2125.4824125258156,879907.2091374372
2023-02-16,871760.3151845266,3968.3557984867366,-0.013706963097543693,bull,2125.4824125258156,867791.9593860399
2023-02-17,869592.3231237504,3968.3557984867366,-0.0024869130000685063,bull,2125.4824125258156,865623.9673252637
2023-02-17,869592.3231237504,3968.3557984867366,0.0,bull,2125.4824125258156,865623.9673252637
2023-02-21,852227.1318134144,3968.3557984867366,-0.01996934753052642,transition,2125.4824125258156,848258.7760149277
2023-02-21,852227.1318134144,3968.3557984867366,0.0,transition,2125.4824125258156,848258.7760149277
2023-02-22,851058.1164865253,3968.3557984867366,-0.0013717180353101668,bull,2125.4824125258156,847089.7606880385
2023-02-22,851058.1164865253,3968.3557984867366,0.0,bull,2125.4824125258156,847089.7606880385
2023-02-23,855564.1392010801,3968.3557984867366,0.00529461223301328,bull,2125.4824125258156,851595.7834025933
2023-02-23,855564.1392010801,3968.3557984867366,0.0,bull,2125.4824125258156,851595.7834025933
2023-02-24,846467.0744754695,3968.3557984867366,-0.010632826118805448,bull,2125.4824125258156,842498.7186769828
2023-02-24,846467.0744754695,3968.3557984867366,0.0,bull,2125.4824125258156,842498.7186769828
2023-02-27,849336.4757323794,3968.3557984867366,0.003389855723198577,bull,2125.4824125258156,845368.1199338926
2023-02-27,849336.4757323794,3968.3557984867366,0.0,bull,2125.4824125258156,845368.1199338926
2023-02-28,846212.0165859663,3968.3557984867366,-0.003678705949510543,bull,2125.4824125258156,842243.6607874796
2023-02-28,846212.0165859663,3968.3557984867366,0.0,bull,2125.4824125258156,842243.6607874796
2023-03-01,842981.2833189272,3968.3557984867366,-0.0038178768484918675,bull,2125.4824125258156,839012.9275204404
2023-03-01,842981.2833189272,3968.3557984867366,0.0,bull,2125.4824125258156,839012.9275204404
2023-03-02,849506.5143253814,3968.3557984867366,0.007740659413888202,bull,2125.4824125258156,845538.1585268946
2023-03-02,849506.5143253814,3968.3557984867366,0.0,bull,2125.4824125258156,845538.1585268946
2023-03-03,863067.0921172961,3968.3557984867366,0.01596288852791618,bull,2125.4824125258156,859098.7363188093
2023-03-03,863067.0921172961,3968.3557984867366,0.0,bull,2125.4824125258156,859098.7363188093
2023-03-06,863662.2271928034,3968.3557984867366,0.0006895582984717181,bull,2125.4824125258156,859693.8713943167
2023-03-06,863662.2271928034,3968.3557984867366,0.0,bull,2125.4824125258156,859693.8713943167
2023-03-07,850484.2362351433,3968.3557984867366,-0.015258269428423536,bull,2125.4824125258156,846515.8804366565
2023-03-07,850484.2362351433,3968.3557984867366,0.0,bull,2125.4824125258156,846515.8804366565
2023-03-08,851865.7998032852,3968.3557984867366,0.0016244434749992432,bull,2125.4824125258156,847897.4440047984
2023-03-08,851865.7998032852,3968.3557984867366,0.0,bull,2125.4824125258156,847897.4440047984
2023-03-09,836222.2492470951,3968.3557984867366,-0.01836386736009654,transition,2125.4824125258156,832253.8934486083
2023-03-09,836222.2492470951,3968.3557984867366,0.0,transition,2125.4824125258156,832253.8934486083
2023-03-10,824213.2736163243,3968.3557984867366,-0.014360985541323784,bull,2125.4824125258156,820244.9178178376
2023-03-10,824213.2736163243,3968.3557984867366,0.0,bull,2125.4824125258156,820244.9178178376
2023-03-13,823044.2582894351,3968.3557984867366,-0.0014183408157940134,bull,2125.4824125258156,819075.9024909483
2023-03-13,823044.2582894351,3968.3557984867366,0.0,bull,2125.4824125258156,819075.9024909483
2023-03-14,836583.5812572245,3968.3557984867366,0.01645029757686274,bull,2125.4824125258156,832615.2254587378
2023-03-14,836583.5812572245,3968.3557984867366,0.0,bull,2125.4824125258156,832615.2254587378
2023-03-15,831376.1493465361,3968.3557984867366,-0.006224640343601575,bull,2125.4824125258156,827407.7935480494
2023-03-15,831376.1493465361,3968.3557984867366,0.0,bull,2125.4824125258156,827407.7935480494
2023-03-16,845893.1942240875,3968.3557984867366,0.017461464210829017,transition,2125.4824125258156,841924.8384256008
2023-03-16,845893.1942240875,3968.3557984867366,0.0,transition,2125.4824125258156,841924.8384256008
2023-03-17,832885.2418594295,3968.3557984867366,-0.015377771630601438,bull,2125.4824125258156,828916.8860609428
2023-03-17,832885.2418594295,3968.3557984867366,0.0,bull,2125.4824125258156,828916.8860609428
2023-03-20,840855.8009064014,3968.3557984867366,0.0095698166402582,bull,2125.4824125258156,836887.4451079146
2023-03-20,840855.8009064014,3968.3557984867366,0.0,bull,2125.4824125258156,836887.4451079146
2023-03-21,851844.5449791598,3968.3557984867366,0.013068523831212377,bull,2125.4824125258156,847876.1891806731
2023-03-22,837391.2645739843,3968.3557984867366,-0.016967039925728608,bull,2125.4824125258156,833422.9087754976
2023-03-22,837391.2645739843,3968.3557984867366,0.0,bull,2125.4824125258156,833422.9087754976
2023-03-23,839644.2759312617,3968.3557984867366,0.0026905121328481964,bull,2125.4824125258156,835675.920132775
2023-03-23,839644.2759312617,3968.3557984867366,0.0,bull,2125.4824125258156,835675.920132775
2023-03-24,845128.0205555783,3968.3557984867366,0.0065310331785856275,bull,2125.4824125258156,841159.6647570916
2023-03-27,846700.8775408474,3968.3557984867366,0.0018610872518877491,bull,2125.4824125258156,842732.5217423607
2023-03-28,844809.1981936995,3968.3557984867366,-0.002234176670091702,bull,2125.4824125258156,840840.8423952127
2023-03-29,857030.7220657228,3968.3557984867366,0.014466608434371185,bull,2125.4824125258156,853062.3662672361
2023-03-30,862025.6057351584,3968.3557984867366,0.005828126741356873,bull,2125.4824125258156,858057.2499366717
2023-03-31,874119.6006624303,3968.3557984867366,0.01402973977432813,bull,2125.4824125258156,870151.2448639435
2023-04-03,877435.3532259706,3968.3557984867366,0.0037932481562335356,bull,2125.4824125258156,873466.9974274839
2023-04-04,872589.2533254118,3968.3557984867366,-0.005523027859251053,bull,2125.4824125258156,868620.8975269251
2023-04-05,870314.9871440092,3968.3557984867366,-0.002606342185324247,bull,2125.4824125258156,866346.6313455225
2023-04-06,873694.5041799252,3968.3557984867366,0.003883096448799612,bull,2125.4824125258156,869726.1483814385
2023-04-10,874587.206793186,3968.3557984867366,0.0010217560131029395,bull,2125.4824125258156,870618.8509946993
2023-04-11,874821.0098585639,3968.3557984867366,0.0002673296196901233,bull,2125.4824125258156,870852.6540600772
2023-04-12,871271.4542296458,3968.3557984867366,-0.004057465000174131,bull,2125.4824125258156,867303.098431159
2023-04-13,882791.5689055357,3968.3557984867366,0.013222187666042294,bull,2125.4824125258156,878823.213107049
2023-04-14,880644.8316688846,3968.3557984867366,-0.002431760012516432,bull,2125.4824125258156,876676.4758703979
2023-04-17,883790.5456394228,3968.3557984867366,0.003572057494026141,bull,2125.4824125258156,879822.1898409361
2023-04-18,884364.4258908047,3968.3557984867366,0.0006493396588291096,bull,2125.4824125258156,880396.070092318
2023-04-19,884215.6421219279,3968.3557984867366,-0.0001682380753012964,bull,2125.4824125258156,880247.2863234412
2023-04-20,879412.0518696196,3968.3557984867366,-0.005432600401391571,bull,2125.4824125258156,875443.6960711329
2023-04-21,880092.2062416279,3968.3557984867366,0.0007734194346805737,bull,2125.4824125258156,876123.8504431412
2023-04-24,881006.163679014,3968.3557984867366,0.001038479185367439,bull,2125.4824125258156,877037.8078805272
2023-04-25,867084.2538769699,3968.3557984867366,-0.015802284224558906,transition,2125.4824125258156,863115.8980784832
2023-04-25,867084.2538769699,3968.3557984867366,0.0,transition,2125.4824125258156,863115.8980784832
2023-04-26,863428.4241274255,3968.3557984867366,-0.004216233581913376,bull,2125.4824125258156,859460.0683289388
2023-04-26,863428.4241274255,3968.3557984867366,0.0,bull,2125.4824125258156,859460.0683289388
2023-04-27,880538.5575482583,3968.3557984867366,0.019816504695365084,bear,2125.4824125258156,876570.2017497716
2023-04-28,888020.2556403492,3968.3557984867366,0.008496729675214545,bull,2125.4824125258156,884051.8998418625
2023-05-01,887127.5530270883,3968.3557984867366,-0.0010052728049735988,bull,2125.4824125258156,883159.1972286016
2023-05-02,877201.5501605928,3968.3557984867366,-0.011188924109758124,bull,2125.4824125258156,873233.194362106
2023-05-02,877201.5501605928,3968.3557984867366,0.0,bull,2125.4824125258156,873233.194362106
2023-05-03,871207.6897572699,3968.3557984867366,-0.006832934121269539,bull,2125.4824125258156,867239.3339587832
2023-05-03,871207.6897572699,3968.3557984867366,0.0,bull,2125.4824125258156,867239.3339587832
2023-05-04,865065.0455850704,3968.3557984867366,-0.007050723087523434,bull,2125.4824125258156,861096.6897865837
2023-05-04,865065.0455850704,3968.3557984867366,0.0,bull,2125.4824125258156,861096.6897865837
2023-05-05,881006.163679014,3968.3557984867366,0.01842765255086928,bear,2125.4824125258156,877037.8078805272
2023-05-08,881239.9667443918,3968.3557984867366,0.00026538187247354325,bull,2125.4824125258156,877271.6109459051
2023-05-09,877392.8435777201,3968.3557984867366,-0.004365579537755576,bull,2125.4824125258156,873424.4877792334
2023-05-09,877392.8435777201,3968.3557984867366,0.0,bull,2125.4824125258156,873424.4877792334
2023-05-10,881473.7698097697,3968.3557984867366,0.0046511961681940705,bull,2125.4824125258156,877505.414011283
2023-05-11,879943.4224727511,3968.3557984867366,-0.0017361235120460195,bull,2125.4824125258156,875975.0666742644
2023-05-12,878795.6619699871,3968.3557984867366,-0.0013043571591667487,bull,2125.4824125258156,874827.3061715004
2023-05-15,881813.8469957738,3968.3557984867366,0.003434455990623479,bull,2125.4824125258156,877845.4911972871
2023-05-16,875947.5155372026,3968.3557984867366,-0.006652573531882138,bull,2125.4824125258156,871979.1597387159
2023-05-16,875947.5155372026,3968.3557984867366,0.0,bull,2125.4824125258156,871979.1597387159
2023-05-17,886532.4179515812,3968.3557984867366,0.012083945928983047,bull,2125.4824125258156,882564.0621530944
2023-05-18,895034.3476016844,3968.3557984867366,0.009590094482667354,bull,2125.4824125258156,891065.9918031977
2023-05-19,893737.8033300437,3968.3557984867366,-0.0014485972243578201,bull,2125.4824125258156,889769.447531557
2023-05-22,894099.135340173,3968.3557984867366,0.0004042930810166434,bull,2125.4824125258156,890130.7795416863
2023-05-23,884109.3680013017,3968.3557984867366,-0.011172997427260257,bull,2125.4824125258156,880141.0122028149
2023-05-24,877732.9207637243,3968.3557984867366,-0.007212283308333883,bull,2125.4824125258156,873764.5649652375
2023-05-24,877732.9207637243,3968.3557984867366,0.0,bull,2125.4824125258156,873764.5649652375
2023-05-25,885299.6381523161,3968.3557984867366,0.008620751494666474,bull,2125.4824125258156,881331.2823538294
2023-05-26,896713.4787075798,3968.3557984867366,0.01289262986607019,bull,2125.4824125258156,892745.122909093
2023-05-30,897053.5558935839,3968.3557984867366,0.0003792484378558585,bull,2125.4824125258156,893085.2000950972
2023-05-31,892101.1818723988,3968.3557984867366,-0.005520711655004675,bull,2125.4824125258156,888132.8260739121
2023-06-01,900539.3470501263,3968.3557984867366,0.009458753501499582,bull,2125.4824125258156,896570.9912516396
2023-06-02,913504.7897665338,3968.3557984867366,0.014397419456326969,transition,2125.4824125258156,909536.433968047
2023-06-05,911761.8941882626,3968.3557984867366,-0.0019079216636801242,bull,2125.4824125258156,907793.5383897759
2023-06-06,913738.5928319115,3968.3557984867366,0.0021679987464366737,bull,2125.4824125258156,909770.2370334248
2023-06-07,910592.8788613734,3968.3557984867366,-0.0034426848063719554,bull,2125.4824125258156,906624.5230628867
2023-06-08,916076.62348569,3968.3557984867366,0.006022169458620825,bull,2125.4824125258156,912108.2676872032
2023-06-09,917713.2449433348,3968.3557984867366,0.0017865552025740784,bull,2125.4824125258156,913744.8891448481
2023-06-12,926002.6263521855,3968.3557984867366,0.009032648765315029,bull,2125.4824125258156,922034.2705536988
2023-06-13,932081.5060520094,3968.3557984867366,0.006564646283748162,bull,2125.4824125258156,928113.1502535227
2023-06-14,933186.7569065228,3968.3557984867366,0.001185787774284734,bull,2125.4824125258156,929218.401108036
2023-06-15,944706.8715824127,3968.3557984867366,0.012344918732107473,bull,2125.4824125258156,940738.515783926
2023-06-16,938032.8568070816,3968.3557984867366,-0.007064640870190723,bull,2125.4824125258156,934064.5010085949
2023-06-20,933186.7569065228,3968.3557984867366,-0.005166236838498596,bull,2125.4824125258156,929218.401108036
2023-06-21,928425.6763024649,3968.3557984867366,-0.005101959033195744,bull,2125.4824125258156,924457.3205039782
2023-06-22,931762.6836901305,3968.3557984867366,0.0035942644336975737,bull,2125.4824125258156,927794.3278916437
2023-06-23,924748.5917287952,3968.3557984867366,-0.007527766548405688,bull,2125.4824125258156,920780.2359303085
2023-06-26,920986.4878586245,3968.3557984867366,-0.004068245038510947,bull,2125.4824125258156,917018.1320601378
2023-06-27,931040.0196698718,3968.3557984867366,0.0109160470254266,bull,2125.4824125258156,927071.663871385
2023-06-28,931507.6258006274,3968.3557984867366,0.0005022406350711183,bull,2125.4824125258156,927539.2700021407
2023-06-29,935163.4555501718,3968.3557984867366,0.003924637489040642,bull,2125.4824125258156,931195.099751685
2023-06-30,946152.1996229301,3968.3557984867366,0.011750613229741216,bull,2125.4824125258156,942183.8438244434
2023-07-03,947236.1956533184,3968.3557984867366,0.0011456888551548982,bull,2125.4824125258156,943267.8398548317
2023-07-05,945833.3772610513,3968.3557984867366,-0.0014809594467613892,bull,2125.4824125258156,941865.0214625646
2023-07-06,938457.9532895868,3968.3557984867366,-0.007797804717805894,bull,2125.4824125258156,934489.5974911001
2023-07-07,936098.6678116831,3968.3557984867366,-0.002514002326511958,bull,2125.4824125258156,932130.3120131964
2023-07-10,938457.9532895868,3968.3557984867366,0.002520338463272222,bull,2125.4824125258156,934489.5974911001
2023-07-11,944409.304044659,3968.3557984867366,0.0063416274903003,bull,2125.4824125258156,940440.9482461723
2023-07-12,951976.021433251,3968.3557984867366,0.008012116522132599,bull,2125.4824125258156,948007.6656347642
2023-07-13,959500.2291735924,3968.3557984867366,0.007903778636160742,bull,2125.4824125258156,955531.8733751057
2023-07-14,958905.0940980851,3968.3557984867366,-0.0006202552718720245,bull,2125.4824125258156,954936.7382995983
2023-07-17,962220.8466616253,3968.3557984867366,0.003457852694649548,bull,2125.4824125258156,958252.4908631386
2023-07-18,969341.2127435869,3968.3557984867366,0.007399929139620372,bull,2125.4824125258156,965372.8569451001
2023-07-19,971487.949980238,3968.3557984867366,0.002214635268189085,bull,2125.4824125258156,967519.5941817513
2023-07-20,965068.99309441,3968.3557984867366,-0.006607345861529741,bull,2125.4824125258156,961100.6372959233
2023-07-21,965068.99309441,3968.3557984867366,0.0,bull,2125.4824125258156,961100.6372959233
2023-07-24,969362.4675677122,3968.3557984867366,0.004448878270905256,bull,2125.4824125258156,965394.1117692254
2023-07-25,971998.0657592441,3968.3557984867366,0.00271889853353318,bull,2125.4824125258156,968029.7099607574
2023-07-26,972146.849528121,3968.3557984867366,0.0001530700256698427,bull,2125.4824125258156,968178.4937296342
2023-07-27,965727.892642293,3968.3557984867366,-0.0066028675492223144,bull,2125.4824125258156,961759.5368438063
2023-07-28,975143.7797297824,3968.3557984867366,0.009750041558525244,bull,2125.4824125258156,971175.4239312956
2023-07-31,976992.9494286799,3968.3557984867366,0.001896304665359124,bull,2125.4824125258156,973024.5936301932
2023-08-01,974208.567468271,3968.3557984867366,-0.002849950925477111,bull,2125.4824125258156,970240.2116697843
2023-08-02,960711.754148732,3968.3557984867366,-0.013854131209925466,bull,2125.4824125258156,956743.3983502453
2023-08-02,960711.754148732,3968.3557984867366,0.0,bull,2125.4824125258156,956743.3983502453
2023-08-03,957969.8818365737,3968.3557984867366,-0.002854001005314925,bull,2125.4824125258156,954001.526038087
2023-08-03,957969.8818365737,3968.3557984867366,0.0,bull,2125.4824125258156,954001.526038087
2023-08-04,953655.1525391464,3968.3557984867366,-0.004504034395272796,bull,2125.4824125258156,949686.7967406596
2023-08-04,953655.1525391464,3968.3557984867366,0.0,bull,2125.4824125258156,949686.7967406596
2023-08-07,961944.533947997,3968.3557984867366,0.008692221068359816,bull,2125.4824125258156,957976.1781495103
2023-08-07,961944.533947997,3968.3557984867366,0.0,bull,2125.4824125258156,957976.1781495103
2023-08-08,957778.5884194465,3968.3557984867366,-0.004330754405820815,bull,2125.4824125258156,953810.2326209598
2023-08-08,957778.5884194465,3968.3557984867366,0.0,bull,2125.4824125258156,953810.2326209598
2023-08-09,951402.141181869,3968.3557984867366,-0.006657537884721476,bull,2125.4824125258156,947433.7853833822
2023-08-09,951402.141181869,3968.3557984867366,0.0,bull,2125.4824125258156,947433.7853833822
2023-08-10,951742.2183678732,3968.3557984867366,0.00035744841354025283,bull,2125.4824125258156,947773.8625693865
2023-08-10,951742.2183678732,3968.3557984867366,0.0,bull,2125.4824125258156,947773.8625693865
2023-08-11,951189.5929406164,3968.3557984867366,-0.0005806461209680201,bull,2125.4824125258156,947221.2371421297
2023-08-11,951189.5929406164,3968.3557984867366,0.0,bull,2125.4824125258156,947221.2371421297
2023-08-14,956418.2796754299,3968.3557984867366,0.005496997416307865,bull,2125.4824125258156,952449.9238769432
2023-08-14,956418.2796754299,3968.3557984867366,0.0,bull,2125.4824125258156,952449.9238769432
2023-08-15,945323.2614820452,3968.3557984867366,-0.011600591947228314,bull,2125.4824125258156,941354.9056835584
2023-08-15,945323.2614820452,3968.3557984867366,0.0,bull,2125.4824125258156,941354.9056835584
2023-08-16,938415.4436413363,3968.3557984867366,-0.007307360478868411,bull,2125.4824125258156,934447.0878428495
2023-08-16,938415.4436413363,3968.3557984867366,0.0,bull,2125.4824125258156,934447.0878428495
2023-08-17,931295.0775593749,3968.3557984867366,-0.007587648019018371,bull,2125.4824125258156,927326.7217608881
2023-08-17,931295.0775593749,3968.3557984867366,0.0,bull,2125.4824125258156,927326.7217608881
2023-08-18,931741.4288660053,3968.3557984867366,0.00047928021674951645,bull,2125.4824125258156,927773.0730675185
2023-08-18,931741.4288660053,3968.3557984867366,0.0,bull,2125.4824125258156,927773.0730675185
2023-08-21,937777.7989175785,3968.3557984867366,0.006478589300166624,bull,2125.4824125258156,933809.4431190918
2023-08-21,937777.7989175785,3968.3557984867366,0.0,bull,2125.4824125258156,933809.4431190918
2023-08-22,935248.4748466727,3968.3557984867366,-0.002697146460307815,bull,2125.4824125258156,931280.119048186
2023-08-22,935248.4748466727,3968.3557984867366,0.0,bull,2125.4824125258156,931280.119048186
2023-08-23,945620.8290197988,3968.3557984867366,0.011090479644809387,bull,2125.4824125258156,941652.473221312
2023-08-23,945620.8290197988,3968.3557984867366,0.0,bull,2125.4824125258156,941652.473221312
2023-08-24,932570.3670068902,3968.3557984867366,-0.013800946016001193,bull,2125.4824125258156,928602.0112084035
2023-08-24,932570.3670068902,3968.3557984867366,0.0,bull,2125.4824125258156,928602.0112084035
2023-08-25,939116.8528374699,3968.3557984867366,0.007019830419436096,bull,2125.4824125258156,935148.4970389832
2023-08-25,939116.8528374699,3968.3557984867366,0.0,bull,2125.4824125258156,935148.4970389832
2023-08-28,945046.9487684168,3968.3557984867366,0.006314545323118781,bull,2125.4824125258156,941078.59296993
2023-08-28,945046.9487684168,3968.3557984867366,0.0,bull,2125.4824125258156,941078.59296993
2023-08-29,958650.0362085821,3968.3557984867366,0.014394086407974606,bull,2125.4824125258156,954681.6804100954
2023-08-30,962582.1786717548,3968.3557984867366,0.004101749663228634,bull,2125.4824125258156,958613.822873268
2023-08-31,961179.3602794878,3968.3557984867366,-0.0014573492251879234,bull,2125.4824125258156,957211.0044810011
2023-09-01,962964.7655060095,3968.3557984867366,0.0018575151530537514,bull,2125.4824125258156,958996.4097075227
2023-09-05,958820.0748015841,3968.3557984867366,-0.004304093828653657,bull,2125.4824125258156,954851.7190030974
2023-09-06,952401.1179157562,3968.3557984867366,-0.006694641731563934,bull,2125.4824125258156,948432.7621172694
2023-09-07,949489.2070105958,3968.3557984867366,-0.003057441712723745,bull,2125.4824125258156,945520.8512121091
2023-09-08,950913.280226988,3968.3557984867366,0.0014998308626127449,bull,2125.4824125258156,946944.9244285013
2023-09-11,957140.9436956887,3968.3557984867366,0.006549139230881434,bull,2125.4824125258156,953172.587897202
2023-09-12,951912.2569608752,3968.3557984867366,-0.005462817957222291,bull,2125.4824125258156,947943.9011623885
2023-09-13,953017.5078153886,3968.3557984867366,0.0011610848021245746,bull,2125.4824125258156,949049.1520169019
2023-09-14,961200.6151036131,3968.3557984867366,0.008586523564485948,bull,2125.4824125258156,957232.2593051264
2023-09-15,946343.4930400576,3968.3557984867366,-0.01545683786516719,bull,2125.4824125258156,942375.1372415709
2023-09-15,946343.4930400576,3968.3557984867366,0.0,bull,2125.4824125258156,942375.1372415709
2023-09-18,946896.1184673143,3968.3557984867366,0.0005839586062788045,bull,2125.4824125258156,942927.7626688275
2023-09-18,946896.1184673143,3968.3557984867366,0.0,bull,2125.4824125258156,942927.7626688275
2023-09-19,944940.6746477905,3968.3557984867366,-0.002065109130121847,bull,2125.4824125258156,940972.3188493038
2023-09-19,944940.6746477905,3968.3557984867366,0.0,bull,2125.4824125258156,940972.3188493038
2023-09-20,936289.9612288105,3968.3557984867366,-0.009154768813612992,bull,2125.4824125258156,932321.6054303237
2023-09-20,936289.9612288105,3968.3557984867366,0.0,bull,2125.4824125258156,932321.6054303237
2023-09-21,920880.2137379983,3968.3557984867366,-0.01645830685890092,transition,2125.4824125258156,916911.8579395115
2023-09-21,920880.2137379983,3968.3557984867366,0.0,transition,2125.4824125258156,916911.8579395115
2023-09-22,918818.4957978483,3968.3557984867366,-0.0022388557267194464,transition,2125.4824125258156,914850.1399993616
2023-09-22,918818.4957978483,3968.3557984867366,0.0,transition,2125.4824125258156,914850.1399993616
2023-09-25,922665.61896452,3968.3557984867366,0.00418703278641676,transition,2125.4824125258156,918697.2631660333
2023-09-25,922665.61896452,3968.3557984867366,0.0,transition,2125.4824125258156,918697.2631660333
2023-09-26,909168.8056449811,3968.3557984867366,-0.014628065728390337,bear,2125.4824125258156,905200.4498464944
2023-09-26,909168.8056449811,3968.3557984867366,0.0,bear,2125.4824125258156,905200.4498464944
2023-09-27,909530.1376551104,3968.3557984867366,0.00039743115677293243,transition,2125.4824125258156,905561.7818566237
2023-09-27,909530.1376551104,3968.3557984867366,0.0,transition,2125.4824125258156,905561.7818566237
2023-09-28,914780.0792140492,3968.3557984867366,0.005772146893860772,bull,2125.4824125258156,910811.7234155624
2023-09-28,914780.0792140492,3968.3557984867366,0.0,bull,2125.4824125258156,910811.7234155624
2023-09-29,912569.5775050224,3968.3557984867366,-0.0024164296526067173,bull,2125.4824125258156,908601.2217065357
2023-09-29,912569.5775050224,3968.3557984867366,0.0,bull,2125.4824125258156,908601.2217065357
2023-10-02,912208.2454948929,3968.3557984867366,-0.00039595009414772873,bull,2125.4824125258156,908239.8896964062
2023-10-02,912208.2454948929,3968.3557984867366,0.0,bull,2125.4824125258156,908239.8896964062
2023-10-03,900050.4860952452,3968.3557984867366,-0.013327833265804188,bear,2125.4824125258156,896082.1302967585
2023-10-03,900050.4860952452,3968.3557984867366,0.0,bear,2125.4824125258156,896082.1302967585
2023-10-04,906575.7171016997,3968.3557984867366,0.007249849988708222,bull,2125.4824125258156,902607.3613032129
2023-10-04,906575.7171016997,3968.3557984867366,0.0,bull,2125.4824125258156,902607.3613032129
2023-10-05,906235.6399156954,3968.3557984867366,-0.00037512276094431155,bull,2125.4824125258156,902267.2841172087
2023-10-05,906235.6399156954,3968.3557984867366,0.0,bull,2125.4824125258156,902267.2841172087
2023-10-06,916948.0712748256,3968.3557984867366,0.011820801221332167,transition,2125.4824125258156,912979.7154763389
2023-10-06,916948.0712748256,3968.3557984867366,0.0,transition,2125.4824125258156,912979.7154763389
2023-10-09,922793.1479092716,3968.3557984867366,0.006374490352893898,bull,2125.4824125258156,918824.7921107849
2023-10-09,922793.1479092716,3968.3557984867366,0.0,bull,2125.4824125258156,918824.7921107849
2023-10-10,927575.4833374547,3968.3557984867366,0.0051824565873925185,bull,2125.4824125258156,923607.127538968
2023-10-11,931358.8420317506,3968.3557984867366,0.004078760987389602,bull,2125.4824125258156,927390.4862332639
2023-10-12,925705.058814432,3968.3557984867366,-0.006070467109095044,bull,2125.4824125258156,921736.7030159453
2023-10-13,921114.0168033761,3968.3557984867366,-0.004959508395617603,bull,2125.4824125258156,917145.6610048894
2023-10-16,930763.7069562434,3968.3557984867366,0.010476108252434817,bull,2125.4824125258156,926795.3511577566
2023-10-17,930721.1973079928,3968.3557984867366,-4.567179396105394e-05,bull,2125.4824125258156,926752.8415095061
2023-10-18,918372.1444912178,3968.3557984867366,-0.013268262131015498,bear,2125.4824125258156,914403.7886927311
2023-10-19,910337.8209718703,3968.3557984867366,-0.008748439908092508,bull,2125.4824125258156,906369.4651733836
2023-10-19,910337.8209718703,3968.3557984867366,0.0,bull,2125.4824125258156,906369.4651733836
2023-10-20,899200.2931302349,3968.3557984867366,-0.012234499748395656,bear,2125.4824125258156,895231.9373317482
2023-10-20,899200.2931302349,3968.3557984867366,0.0,bear,2125.4824125258156,895231.9373317482
2023-10-23,897648.6909690911,3968.3557984867366,-0.0017255356487290035,bull,2125.4824125258156,893680.3351706044
2023-10-23,897648.6909690911,3968.3557984867366,0.0,bull,2125.4824125258156,893680.3351706044
2023-10-24,904386.470216798,3968.3557984867366,0.0075060313856558335,bull,2125.4824125258156,900418.1144183113
2023-10-24,904386.470216798,3968.3557984867366,0.0,bull,2125.4824125258156,900418.1144183113
2023-10-25,891463.5371486411,3968.3557984867366,-0.01428917116048748,bear,2125.4824125258156,887495.1813501543
2023-10-25,891463.5371486411,3968.3557984867366,0.0,bear,2125.4824125258156,887495.1813501543
2023-10-26,880836.125086012,3968.3557984867366,-0.011921308746537245,bear,2125.4824125258156,876867.7692875252
2023-10-26,880836.125086012,3968.3557984867366,0.0,bear,2125.4824125258156,876867.7692875252
2023-10-27,876861.4729745886,3968.3557984867366,-0.004512362740612167,bull,2125.4824125258156,872893.1171761019
2023-10-27,876861.4729745886,3968.3557984867366,0.0,bull,2125.4824125258156,872893.1171761019
2023-10-30,887297.5916200904,3968.3557984867366,0.011901673145815389,bear,2125.4824125258156,883329.2358216037
2023-10-30,887297.5916200904,3968.3557984867366,0.0,bear,2125.4824125258156,883329.2358216037
2023-10-31,892845.1007167827,3968.3557984867366,0.006252140374418558,bull,2125.4824125258156,888876.744918296
2023-10-31,892845.1007167827,3968.3557984867366,0.0,bull,2125.4824125258156,888876.744918296
2023-11-01,902324.752276648,3968.3557984867366,0.010617352945381997,transition,2125.4824125258156,898356.3964781612
2023-11-01,902324.752276648,3968.3557984867366,0.0,transition,2125.4824125258156,898356.3964781612
2023-11-02,919541.159818107,3968.3557984867366,0.01908005681770394,bear,2125.4824125258156,915572.8040196203
2023-11-03,927894.3056993335,3968.3557984867366,0.009084036959127356,bull,2125.4824125258156,923925.9499008468
2023-11-06,930019.7881118594,3968.3557984867366,0.002290651423842797,bull,2125.4824125258156,926051.4323133726
2023-11-07,932655.3863033913,3968.3557984867366,0.0028339162512690075,bull,2125.4824125258156,928687.0305049046
2023-11-08,933335.5406753996,3968.3557984867366,0.0007292665458182765,bull,2125.4824125258156,929367.1848769129
2023-11-09,926087.6456486866,3968.3557984867366,-0.007765583448657871,bull,2125.4824125258156,922119.2898501998
2023-11-10,940477.1615814863,3968.3557984867366,0.015537963388681764,bear,2125.4824125258156,936508.8057829996
2023-11-13,939584.4589682255,3968.3557984867366,-0.0009492017985420083,bull,2125.4824125258156,935616.1031697388
2023-11-14,957736.078771196,3968.3557984867366,0.019318773985366952,bear,2125.4824125258156,953767.7229727092
2023-11-15,959755.2870630955,3968.3557984867366,0.0021083139046930693,bull,2125.4824125258156,955786.9312646087
2023-11-16,960924.3023899847,3968.3557984867366,0.001218034787249241,bull,2125.4824125258156,956955.946591498
2023-11-17,962114.5725409992,3968.3557984867366,0.0012386721285475165,bull,2125.4824125258156,958146.2167425124
2023-11-20,969489.9965124637,3968.3557984867366,0.007665847895833856,bull,2125.4824125258156,965521.6407139769
2023-11-21,967385.7689240631,3968.3557984867366,-0.0021704479633313494,bull,2125.4824125258156,963417.4131255763
2023-11-22,971105.3631459833,3968.3557984867366,0.003844995803543,bull,2125.4824125258156,967137.0073474966
2023-11-24,971700.4982214905,3968.3557984867366,0.0006128429499958956,bull,2125.4824125258156,967732.1424230038
2023-11-27,969957.6026432194,3968.3557984867366,-0.0017936551246615186,bull,2125.4824125258156,965989.2468447327
2023-11-28,970914.069728856,3968.3557984867366,0.0009860916425935666,bull,2125.4824125258156,966945.7139303692
2023-11-29,970233.9153568478,3968.3557984867366,-0.0007005299369058609,bull,2125.4824125258156,966265.5595583611
2023-11-30,974038.5288752689,3968.3557984867366,0.003921336348072055,bull,2125.4824125258156,970070.1730767821
2023-12-01,979777.3313890888,3968.3557984867366,0.00589176130480848,bull,2125.4824125258156,975808.975590602
2023-12-04,974654.9187749014,3968.3557984867366,-0.0052281395477123275,bull,2125.4824125258156,970686.5629764147
2023-12-05,974463.6253577742,3968.3557984867366,-0.00019626784151222296,bull,2125.4824125258156,970495.2695592875
2023-12-06,970552.7377187266,3968.3557984867366,-0.004013374678415211,bull,2125.4824125258156,966584.3819202399
2023-12-07,977928.1616901912,3968.3557984867366,0.007599199595068349,bull,2125.4824125258156,973959.8058917045
2023-12-08,982115.362042867,3968.3557984867366,0.004281705463353102,bull,2125.4824125258156,978147.0062443803
2023-12-11,985919.9755612883,3968.3557984867366,0.0038738967594473318,bull,2125.4824125258156,981951.6197628016
2023-12-12,990404.7434517178,3968.3557984867366,0.004548815321320857,bull,2125.4824125258156,986436.387653231
2023-12-13,1004007.830891883,3968.3557984867366,0.013734877109691847,bear,2125.4824125258156,1000039.4750933963
2023-12-14,1007217.309334797,3968.3557984867366,0.003196666743189559,bull,2125.4824125258156,1003248.9535363102
2023-12-15,1001521.0164692277,3968.3557984867366,-0.005655475549096031,bull,2125.4824125258156,997552.660670741
2023-12-18,1007132.290038296,3968.3557984867366,0.005602751691472566,bull,2125.4824125258156,1003163.9342398093
2023-12-19,1013232.4245622449,3968.3557984867366,0.00605693470886226,bull,2125.4824125258156,1009264.0687637582
2023-12-20,999246.7502878251,3968.3557984867366,-0.013803026764034056,bear,2125.4824125258156,995278.3944893384
2023-12-21,1008683.8921994397,3968.3557984867366,0.009444255794573538,transition,2125.4824125258156,1004715.536400953
2023-12-22,1010703.1004913392,3968.3557984867366,0.0020018246623296787,bull,2125.4824125258156,1006734.7446928525
2023-12-26,1014954.0653163908,3968.3557984867366,0.00420594813945367,bull,2125.4824125258156,1010985.7095179041
2023-12-27,1016781.9801911631,3968.3557984867366,0.0018009828594582691,bull,2125.4824125258156,1012813.6243926764
2023-12-28,1017164.5670254177,3968.3557984867366,0.00037627224096027824,bull,2125.4824125258156,1013196.211226931
2023-12-29,1014231.4012961321,3968.3557984867366,-0.002883668802840112,bull,2125.4824125258156,1010263.0454976454
2024-01-02,1008577.6180788134,3968.3557984867366,-0.005574450968579242,bull,2125.4824125258156,1004609.2622803267
2024-01-03,1000373.2559664638,3968.3557984867366,-0.008134586734115374,bull,2125.4824125258156,996404.9001679771
2024-01-04,997163.7775235497,3968.3557984867366,-0.003208280932913783,bull,2125.4824125258156,993195.421725063
2024-01-04,997163.7775235497,3968.3557984867366,0.0,bull,2125.4824125258156,993195.421725063
2024-01-05,998524.0862675664,3968.3557984867366,0.001364177855913503,bull,2125.4824125258156,994555.7304690797
2024-01-05,998524.0862675664,3968.3557984867366,0.0,bull,2125.4824125258156,994555.7304690797
2024-01-08,1012722.3087832389,3968.3557984867366,0.01421920884126561,bear,2125.4824125258156,1008753.9529847521
2024-01-09,1011191.9614462202,3968.3557984867366,-0.001511122371597969,bull,2125.4824125258156,1007223.6056477334
2024-01-10,1016888.2543117894,3968.3557984867366,0.005633245795805501,bull,2125.4824125258156,1012919.8985133027
2024-01-11,1016441.903005159,3968.3557984867366,-0.0004389384032491328,bull,2125.4824125258156,1012473.5472066723
2024-01-12,1017143.3122012925,3968.3557984867366,0.000690063243221027,bull,2125.4824125258156,1013174.9564028058
2024-01-16,1013423.7179793724,3968.3557984867366,-0.0036569027956052835,bull,2125.4824125258156,1009455.3621808856
2024-01-17,1007812.4444103042,3968.3557984867366,-0.005536947152032599,bull,2125.4824125258156,1003844.0886118175
2024-01-17,1007812.4444103042,3968.3557984867366,0.0,bull,2125.4824125258156,1003844.0886118175
2024-01-18,1016739.4705429126,3968.3557984867366,0.008857824868229164,transition,2125.4824125258156,1012771.1147444259
2024-01-19,1029364.8360733159,3968.3557984867366,0.012417503102994233,bear,2125.4824125258156,1025396.4802748292
2024-01-22,1031532.8281340923,3968.3557984867366,0.002106145445036283,bull,2125.4824125258156,1027564.4723356055
2024-01-23,1034529.7583357537,3968.3557984867366,0.0029053173296311645,bull,2125.4824125258156,1030561.402537267
2024-01-24,1035656.2640143923,3968.3557984867366,0.0010889060170205165,bull,2125.4824125258156,1031687.9082159055
2024-01-25,1041267.5375834604,3968.3557984867366,0.005418084903303587,bull,2125.4824125258156,1037299.1817849737
2024-01-26,1039949.7384876945,3968.3557984867366,-0.0012655720534841845,bull,2125.4824125258156,1035981.3826892078
2024-01-29,1048154.1006000441,3968.3557984867366,0.007889190995211426,bull,2125.4824125258156,1044185.7448015574
2024-01-30,1047346.4172832844,3968.3557984867366,-0.0007705768801528182,bull,2125.4824125258156,1043378.0614847976
2024-01-31,1030321.3031589525,3968.3557984867366,-0.016255475593732742,bear,2125.4824125258156,1026352.9473604658
2024-02-01,1043754.3520061157,3968.3557984867366,0.013037727945620118,bear,2125.4824125258156,1039785.996207629
2024-02-02,1054700.5864306237,3968.3557984867366,0.01048736649908963,bear,2125.4824125258156,1050732.230632137
2024-02-05,1050874.7180880774,3968.3557984867366,-0.0036274449751601983,bull,2125.4824125258156,1046906.3622895905
2024-02-06,1053914.157937989,3968.3557984867366,0.0028922951495508123,bull,2125.4824125258156,1049945.8021395025
2024-02-07,1062671.1454775957,3968.3557984867366,0.008309014044122827,bull,2125.4824125258156,1058702.789679109
2024-02-08,1063138.7516083512,3968.3557984867366,0.00044002900873472994,bull,2125.4824125258156,1059170.3958098644
2024-02-09,1069260.1409564256,3968.3557984867366,0.005757846131385662,bull,2125.4824125258156,1065291.7851579387
2024-02-12,1068792.53482567,3968.3557984867366,-0.0004373174617144569,bull,2125.4824125258156,1064824.1790271832
2024-02-13,1054126.7061792416,3968.3557984867366,-0.01372186665658228,bear,2125.4824125258156,1050158.350380755
2024-02-14,1063670.1222114824,3968.3557984867366,0.009053386064784874,transition,2125.4824125258156,1059701.7664129958
2024-02-15,1070981.7817105716,3968.3557984867366,0.006873991613008291,bull,2125.4824125258156,1067013.4259120848
2024-02-16,1065668.075679257,3968.3557984867366,-0.0049615279382507465,bull,2125.4824125258156,1061699.7198807702
2024-02-20,1059822.999044811,3968.3557984867366,-0.005484894187827205,bull,2125.4824125258156,1055854.643246324
2024-02-21,1060779.4661304476,3968.3557984867366,0.000902478136914111,bull,2125.4824125258156,1056811.1103319607
2024-02-22,1082650.6801553383,3968.3557984867366,0.020618059382949163,bear,2125.4824125258156,1078682.3243568514
2024-02-23,1083394.5989997224,3968.3557984867366,0.0006871273052517771,bull,2125.4824125258156,1079426.2432012355
2024-02-26,1079441.2017124244,3968.3557984867366,-0.0036490834373256896,bull,2125.4824125258156,1075472.8459139375
2024-02-27,1081439.1551801986,3968.3557984867366,0.0018509145885895902,bull,2125.4824125258156,1077470.7993817118
2024-02-28,1080015.081963806,3968.3557984867366,-0.0013168315661322319,bull,2125.4824125258156,1076046.7261653193
2024-02-29,1083883.459954603,3968.3557984867366,0.003581781454165657,bull,2125.4824125258156,1079915.1041561163
2024-03-01,1094022.0110623515,3968.3557984867366,0.00935391255824962,transition,2125.4824125258156,1090053.6552638647
2024-03-04,1092852.9957354618,3968.3557984867366,-0.0010685482696591484,bull,2125.4824125258156,1088884.6399369752
2024-03-05,1081970.5257833297,3968.3557984867366,-0.00995785343005668,bear,2125.4824125258156,1078002.169984843
2024-03-06,1087433.0155835212,3968.3557984867366,0.005048649357834149,bull,2125.4824125258156,1083464.6597850344
2024-03-07,1098187.9565909016,3968.3557984867366,0.009890210112490676,bear,2125.4824125258156,1094219.600792415
2024-03-08,1091620.215936197,3968.3557984867366,-0.00598052511438281,bull,2125.4824125258156,1087651.8601377103
2024-03-11,1090685.0036746855,3968.3557984867366,-0.0008567194413025966,bull,2125.4824125258156,1086716.6478761989
2024-03-12,1102375.1569435778,3968.3557984867366,0.010718175485595194,bear,2125.4824125258156,1098406.801145091
2024-03-13,1100653.5161894318,3968.3557984867366,-0.0015617557628198196,bull,2125.4824125258156,1096685.1603909452
2024-03-14,1098485.5241286554,3968.3557984867366,-0.0019697316447796678,bull,2125.4824125258156,1094517.1683301688
2024-03-15,1087603.0541765234,3968.3557984867366,-0.009906794138925335,bear,2125.4824125258156,1083634.6983780365
2024-03-18,1094043.2658864767,3968.3557984867366,0.0059214726229594615,bull,2125.4824125258156,1090074.9100879899
2024-03-19,1100100.890762175,3968.3557984867366,0.00553691527984489,bull,2125.4824125258156,1096132.5349636883
2024-03-20,1110239.4418699234,3968.3557984867366,0.009216019360482648,transition,2125.4824125258156,1106271.0860714365
2024-03-21,1113895.2716194675,3968.3557984867366,0.0032928300073602245,bull,2125.4824125258156,1109926.915820981
2024-03-22,1111791.0440310673,3968.3557984867366,-0.0018890712996213325,bull,2125.4824125258156,1107822.6882325804
2024-03-25,1108730.34935703,3968.3557984867366,-0.0027529405732034935,bull,2125.4824125258156,1104761.993558543
2024-03-26,1106689.8862410048,3968.3557984867366,-0.0018403601175059228,bull,2125.4824125258156,1102721.5304425182
2024-03-27,1115956.9895596174,3968.3557984867366,0.00837371284749814,transition,2125.4824125258156,1111988.6337611307
2024-03-28,1115744.4413183653,3968.3557984867366,-0.00019046275370877518,bull,2125.4824125258156,1111776.0855198784
2024-04-01,1113810.2523229667,3968.3557984867366,-0.0017335412337910825,bull,2125.4824125258156,1109841.8965244798
2024-04-02,1106753.650713381,3968.3557984867366,-0.006335550956609111,bull,2125.4824125258156,1102785.2949148943
2024-04-03,1107965.1756885205,3968.3557984867366,0.0010946654428099101,bull,2125.4824125258156,1103996.8198900337
2024-04-04,1094489.617193107,3968.3557984867366,-0.012162438667839379,bear,2125.4824125258156,1090521.2613946204
2024-04-04,1094489.617193107,3968.3557984867366,0.0,bear,2125.4824125258156,1090521.2613946204
2024-04-05,1105882.202924245,3968.3557984867366,0.010409039567095272,bear,2125.4824125258156,1101913.8471257584
2024-04-08,1106498.592823878,3968.3557984867366,0.0005573739210225063,bull,2125.4824125258156,1102530.237025391
2024-04-09,1107773.8822713932,3968.3557984867366,0.0011525450242648976,bull,2125.4824125258156,1103805.5264729066
2024-04-10,1096721.373726259,3968.3557984867366,-0.009977224343357885,bear,2125.4824125258156,1092753.0179277724
2024-04-10,1096721.373726259,3968.3557984867366,0.0,bear,2125.4824125258156,1092753.0179277724
2024-04-11,1104968.2454868592,3968.3557984867366,0.007519568742041003,transition,2125.4824125258156,1100999.8896883724
2024-04-11,1104968.2454868592,3968.3557984867366,0.0,transition,2125.4824125258156,1100999.8896883724
2024-04-12,1089771.0462372997,3968.3557984867366,-0.013753516729219237,bear,2125.4824125258156,1085802.6904388128
2024-04-12,1089771.0462372997,3968.3557984867366,0.0,bear,2125.4824125258156,1085802.6904388128
2024-04-15,1076167.9587971345,3968.3557984867366,-0.012482518678701551,bear,2125.4824125258156,1072199.6029986476
2024-04-15,1076167.9587971345,3968.3557984867366,0.0,bear,2125.4824125258156,1072199.6029986476
2024-04-16,1074212.5149776107,3968.3557984867366,-0.0018170433374632784,bull,2125.4824125258156,1070244.1591791238
2024-04-16,1074212.5149776107,3968.3557984867366,0.0,bull,2125.4824125258156,1070244.1591791238
2024-04-17,1067878.5773882838,3968.3557984867366,-0.005896354307004968,bull,2125.4824125258156,1063910.221589797
2024-04-17,1067878.5773882838,3968.3557984867366,0.0,bull,2125.4824125258156,1063910.221589797
2024-04-18,1065689.3305033823,3968.3557984867366,-0.002050089711749621,bull,2125.4824125258156,1061720.9747048954
2024-04-18,1065689.3305033823,3968.3557984867366,0.0,bull,2125.4824125258156,1061720.9747048954
2024-04-19,1056422.2271847697,3968.3557984867366,-0.008695876981554471,bear,2125.4824125258156,1052453.8713862828
2024-04-19,1056422.2271847697,3968.3557984867366,0.0,bear,2125.4824125258156,1052453.8713862828
2024-04-22,1066114.4269858873,3968.3557984867366,0.00917455118958082,bear,2125.4824125258156,1062146.0711874007
2024-04-22,1066114.4269858873,3968.3557984867366,0.0,bear,2125.4824125258156,1062146.0711874007
2024-04-23,1078718.5376921655,3968.3557984867366,0.011822474574246587,bear,2125.4824125258156,1074750.1818936786
2024-04-23,1078718.5376921655,3968.3557984867366,0.0,bear,2125.4824125258156,1074750.1818936786
2024-04-24,1078208.421913159,3968.3557984867366,-0.0004728905281425321,bull,2125.4824125258156,1074240.0661146725
2024-04-24,1078208.421913159,3968.3557984867366,0.0,bull,2125.4824125258156,1074240.0661146725
2024-04-25,1074127.4956811098,3968.3557984867366,-0.003784914075154504,bull,2125.4824125258156,1070159.139882623
2024-04-25,1074127.4956811098,3968.3557984867366,0.0,bull,2125.4824125258156,1070159.139882623
2024-04-26,1084266.0467888578,3968.3557984867366,0.009438871222004272,bear,2125.4824125258156,1080297.690990371
2024-04-26,1084266.0467888578,3968.3557984867366,0.0,bear,2125.4824125258156,1080297.690990371
2024-04-29,1088091.915131404,3968.3557984867366,0.0035285328299976756,bull,2125.4824125258156,1084123.5593329174
2024-04-30,1070918.0172381955,3968.3557984867366,-0.01578349921948876,bear,2125.4824125258156,1066949.661439709
2024-04-30,1070918.0172381955,3968.3557984867366,0.0,bear,2125.4824125258156,1066949.661439709
2024-05-01,1067453.4809057787,3968.3557984867366,-0.0032351088287332695,bull,2125.4824125258156,1063485.1251072919
2024-05-01,1067453.4809057787,3968.3557984867366,0.0,bull,2125.4824125258156,1063485.1251072919
2024-05-02,1077400.7385963993,3968.3557984867366,0.009318680269026755,bear,2125.4824125258156,1073432.3827979125
2024-05-02,1077400.7385963993,3968.3557984867366,0.0,bear,2125.4824125258156,1073432.3827979125
2024-05-03,1090706.2584988112,3968.3557984867366,0.01234964802395237,bear,2125.4824125258156,1086737.9027003243
2024-05-06,1101928.8056369475,3968.3557984867366,0.010289247953507162,bear,2125.4824125258156,1097960.4498384607
2024-05-07,1103140.3306120872,3968.3557984867366,0.0010994584849239424,bull,2125.4824125258156,1099171.9748136003
2024-05-08,1103246.6047327132,3968.3557984867366,9.63378073278063e-05,bull,2125.4824125258156,1099278.2489342266
2024-05-09,1109580.54232204,3968.3557984867366,0.005741180224036507,bull,2125.4824125258156,1105612.1865235534
2024-05-10,1111004.6155384327,3968.3557984867366,0.0012834338401541126,bull,2125.4824125258156,1107036.2597399459
2024-05-13,1111153.3993073092,3968.3557984867366,0.00013391822751730853,bull,2125.4824125258156,1107185.0435088226
2024-05-14,1116233.302273246,3968.3557984867366,0.004571738671819401,bull,2125.4824125258156,1112264.9464747591
2024-05-15,1130006.4283064133,3968.3557984867366,0.012338931301474279,bear,2125.4824125258156,1126038.0725079265
2024-05-16,1127689.65247676,3968.3557984867366,-0.0020502324337442063,bull,2125.4824125258156,1123721.2966782735
2024-05-17,1129305.01911028,3968.3557984867366,0.0014324567313109102,bull,2125.4824125258156,1125336.6633117932
2024-05-20,1130601.5633819206,3968.3557984867366,0.0011480904181776846,bull,2125.4824125258156,1126633.2075834337
2024-05-21,1133364.6905182041,3968.3557984867366,0.0024439442026051414,bull,2125.4824125258156,1129396.3347197173
2024-05-22,1130112.7024270399,3968.3557984867366,-0.0028693218682129353,bull,2125.4824125258156,1126144.346628553
2024-05-23,1121887.0854905648,3968.3557984867366,-0.007278581082054588,transition,2125.4824125258156,1117918.729692078
2024-05-24,1129283.7642861544,3968.3557984867366,0.006593068849130456,bull,2125.4824125258156,1125315.4084876678
2024-05-28,1130070.192778789,3968.3557984867366,0.0006963958196385444,bull,2125.4824125258156,1126101.8369803021
2024-05-29,1122184.6530283182,3968.3557984867366,-0.006977920310490282,transition,2125.4824125258156,1118216.2972298316
2024-05-30,1114766.7194086034,3968.3557984867366,-0.006610261154166414,transition,2125.4824125258156,1110798.3636101165
2024-05-30,1114766.7194086034,3968.3557984867366,0.0,transition,2125.4824125258156,1110798.3636101165
2024-05-31,1124884.0156922261,3968.3557984867366,0.009075707147940405,bear,2125.4824125258156,1120915.6598937393
2024-06-03,1125797.973129612,3968.3557984867366,0.0008124903764619483,bull,2125.4824125258156,1121829.6173311253
2024-06-04,1127052.0077530025,3968.3557984867366,0.001113907338014148,bull,2125.4824125258156,1123083.6519545156
2024-06-05,1140400.0373036643,3968.3557984867366,0.011843312871846699,bear,2125.4824125258156,1136431.6815051776
2024-06-06,1140378.782479539,3968.3557984867366,-1.8638042292126175e-05,bull,2125.4824125258156,1136410.4266810524
2024-06-07,1138997.2189113973,3968.3557984867366,-0.0012114953288922363,bull,2125.4824125258156,1135028.8631129107
2024-06-10,1142504.264892065,3968.3557984867366,0.0030790645687612597,bull,2125.4824125258156,1138535.9090935783
2024-06-11,1145246.1372042233,3968.3557984867366,0.0023998792795905904,bull,2125.4824125258156,1141277.7814057367
2024-06-12,1154619.5146434624,3968.3557984867366,0.008184596424067726,bear,2125.4824125258156,1150651.1588449755
2024-06-13,1156936.2904731156,3968.3557984867366,0.0020065275186074245,bull,2125.4824125258156,1152967.9346746288
2024-06-14,1157637.699669249,3968.3557984867366,0.0006062643223391554,bull,2125.4824125258156,1153669.343870762
2024-06-17,1166819.7836913606,3968.3557984867366,0.00793174239637769,bear,2125.4824125258156,1162851.4278928738
2024-06-18,1169774.2042447715,3968.3557984867366,0.002532028162964689,bull,2125.4824125258156,1165805.8484462847
2024-06-20,1166607.235450108,3968.3557984867366,-0.0027073334179976145,bull,2125.4824125258156,1162638.8796516212
2024-06-21,1161314.7842429187,3968.3557984867366,-0.004536617849063303,bull,2125.4824125258156,1157346.4284444319
2024-06-24,1157552.680372748,3968.3557984867366,-0.003239521205805743,bull,2125.4824125258156,1153584.3245742612
2024-06-25,1161994.9386149268,3968.3557984867366,0.003837629437952007,bull,2125.4824125258156,1158026.5828164401
2024-06-26,1163440.2666554442,3968.3557984867366,0.0012438333356599653,bull,2125.4824125258156,1159471.9108569575
2024-06-27,1165268.1815302167,3968.3557984867366,0.001571129113510288,bull,2125.4824125258156,1161299.8257317299
2024-06-28,1160698.3943432863,3968.3557984867366,-0.0039216613474586,bull,2125.4824125258156,1156730.0385447994
2024-07-01,1163078.9346453152,3968.3557984867366,0.002050955109122702,bull,2125.4824125258156,1159110.5788468283
2024-07-02,1170879.4550992846,3968.3557984867366,0.0067067850870743155,transition,2125.4824125258156,1166911.099300798
2024-07-03,1176086.8870099732,3968.3557984867366,0.00444745348294369,bull,2125.4824125258156,1172118.5312114863
2024-07-05,1182845.9210818051,3968.3557984867366,0.005747053339754351,bull,2125.4824125258156,1178877.5652833183
2024-07-08,1184206.2298258217,3968.3557984867366,0.0011500303799267958,bull,2125.4824125258156,1180237.8740273349
2024-07-09,1185353.9903285857,3968.3557984867366,0.0009692234965972452,bull,2125.4824125258156,1181385.6345300989
2024-07-10,1197044.1435974776,3968.3557984867366,0.00986216215938269,bear,2125.4824125258156,1193075.787798991
2024-07-11,1186756.8087208527,3968.3557984867366,-0.008593947793527758,bear,2125.4824125258156,1182788.4529223659
2024-07-12,1194217.2519888184,3968.3557984867366,0.00628641286331185,bull,2125.4824125258156,1190248.8961903316
2024-07-15,1197490.4949041079,3968.3557984867366,0.002740910759611204,bull,2125.4824125258156,1193522.1391056213
2024-07-16,1204568.351337819,3968.3557984867366,0.0059105742081717256,bull,2125.4824125258156,1200599.9955393323
2024-07-17,1187734.5306306146,3968.3557984867366,-0.013974981733920115,bear,2125.4824125258156,1183766.1748321278
2024-07-18,1178637.4659050037,3968.3557984867366,-0.0076591734019730035,bear,2125.4824125258156,1174669.110106517
2024-07-19,1170836.9454510342,3968.3557984867366,-0.006618252583698363,bear,2125.4824125258156,1166868.5896525476
2024-07-19,1170836.9454510342,3968.3557984867366,0.0,bear,2125.4824125258156,1166868.5896525476
2024-07-22,1182867.1759059303,3968.3557984867366,0.010274898226978805,bear,2125.4824125258156,1178898.8201074435
2024-07-23,1181018.0062070326,3968.3557984867366,-0.0015632944565238387,bull,2125.4824125258156,1177049.650408546
2024-07-24,1154343.2019298337,3968.3557984867366,-0.022586280765411765,bear,2125.4824125258156,1150374.8461313471
2024-07-24,1154343.2019298337,3968.3557984867366,0.0,bear,2125.4824125258156,1150374.8461313471
2024-07-25,1148349.3415265111,3968.3557984867366,-0.005192442241875783,bear,2125.4824125258156,1144380.9857280243
2024-07-25,1148349.3415265111,3968.3557984867366,0.0,bear,2125.4824125258156,1144380.9857280243
2024-07-26,1161166.0004740418,3968.3557984867366,0.01116094073820199,bear,2125.4824125258156,1157197.6446755552
2024-07-26,1161166.0004740418,3968.3557984867366,0.0,bear,2125.4824125258156,1157197.6446755552
2024-07-29,1161846.1548460498,3968.3557984867366,0.0005857511946873929,bull,2125.4824125258156,1157877.7990475632
2024-07-29,1161846.1548460498,3968.3557984867366,0.0,bull,2125.4824125258156,1157877.7990475632
2024-07-30,1155979.823387479,3968.3557984867366,-0.005049146510579292,transition,2125.4824125258156,1152011.467588992
2024-07-30,1155979.823387479,3968.3557984867366,0.0,transition,2125.4824125258156,1152011.467588992
2024-07-31,1174705.323441831,3968.3557984867366,0.01619881218988654,bear,2125.4824125258156,1170736.9676433443
2024-07-31,1174705.323441831,3968.3557984867366,0.0,bear,2125.4824125258156,1170736.9676433443
2024-08-01,1158126.5606241296,3968.3557984867366,-0.014113124787011551,bear,2125.4824125258156,1154158.204825643
2024-08-01,1158126.5606241296,3968.3557984867366,0.0,bear,2125.4824125258156,1154158.204825643
2024-08-02,1136637.9334334936,3968.3557984867366,-0.018554644994114893,bear,2125.4824125258156,1132669.577635007
2024-08-02,1136637.9334334936,3968.3557984867366,0.0,bear,2125.4824125258156,1132669.577635007
2024-08-05,1103650.446391093,3968.3557984867366,-0.029021983229746456,bear,2125.4824125258156,1099682.0905926065
2024-08-05,1103650.446391093,3968.3557984867366,0.0,bear,2125.4824125258156,1099682.0905926065
2024-08-06,1113788.9974988415,3968.3557984867366,0.009186378840239859,bear,2125.4824125258156,1109820.6417003546
2024-08-06,1113788.9974988415,3968.3557984867366,0.0,bear,2125.4824125258156,1109820.6417003546
2024-08-07,1106371.0638791262,3968.3557984867366,-0.006660088792736516,bear,2125.4824125258156,1102402.7080806394
2024-08-07,1106371.0638791262,3968.3557984867366,0.0,bear,2125.4824125258156,1102402.7080806394
2024-08-08,1131855.5980053106,3968.3557984867366,0.023034346213675616,bear,2125.4824125258156,1127887.242206824
2024-08-08,1131855.5980053106,3968.3557984867366,0.0,bear,2125.4824125258156,1127887.242206824
2024-08-09,1136829.2268506214,3968.3557984867366,0.004394225600929911,bull,2125.4824125258156,1132860.8710521345
2024-08-09,1136829.2268506214,3968.3557984867366,0.0,bull,2125.4824125258156,1132860.8710521345
2024-08-12,1137424.3619261282,3968.3557984867366,0.0005235043764272913,bull,2125.4824125258156,1133456.0061276415
2024-08-12,1137424.3619261282,3968.3557984867366,0.0,bull,2125.4824125258156,1133456.0061276415
2024-08-13,1156064.8426839798,3968.3557984867366,0.016388325572951157,bear,2125.4824125258156,1152096.486885493
2024-08-14,1159699.4176093987,3968.3557984867366,0.003143919606603317,bull,2125.4824125258156,1155731.061810912
2024-08-15,1179508.9136941396,3968.3557984867366,0.017081578022670817,bear,2125.4824125258156,1175540.557895653
2024-08-16,1182144.5118856714,3968.3557984867366,0.0022344877269959164,bull,2125.4824125258156,1178176.1560871848
2024-08-19,1193409.5686720586,3968.3557984867366,0.00952933983377212,transition,2125.4824125258156,1189441.2128735718
2024-08-20,1191475.37967666,3968.3557984867366,-0.001620725228096511,bull,2125.4824125258156,1187507.0238781732
2024-08-21,1195556.3059087093,3968.3557984867366,0.0034251032809059926,bull,2125.4824125258156,1191587.9501102227
2024-08-22,1186204.183293596,3968.3557984867366,-0.007822402482336538,bull,2125.4824125258156,1182235.8274951093
2024-08-23,1198765.7843516236,3968.3557984867366,0.010589746044521073,bear,2125.4824125258156,1194797.4285531368
2024-08-26,1195917.6379188388,3968.3557984867366,-0.0023758990037618805,bull,2125.4824125258156,1191949.2821203521
2024-08-27,1197554.2593764835,3968.3557984867366,0.0013685068317019068,bull,2125.4824125258156,1193585.9035779969
2024-08-28,1190625.1867116494,3968.3557984867366,-0.005786019807103999,bull,2125.4824125258156,1186656.8309131628
2024-08-29,1190731.460832276,3968.3557984867366,8.925908994082399e-05,bull,2125.4824125258156,1186763.105033789
2024-08-30,1202060.2820910383,3968.3557984867366,0.00951416976153798,transition,2125.4824125258156,1198091.9262925517
2024-09-03,1177404.6861057389,3968.3557984867366,-0.020511114419661147,bear,2125.4824125258156,1173436.3303072522
2024-09-04,1175002.8909795848,3968.3557984867366,-0.002039906205994487,bull,2125.4824125258156,1171034.5351810982
2024-09-05,1172154.7445468004,3968.3557984867366,-0.0024239484469777968,bull,2125.4824125258156,1168186.3887483135
2024-09-05,1172154.7445468004,3968.3557984867366,0.0,bull,2125.4824125258156,1168186.3887483135
2024-09-06,1152494.0322309365,3968.3557984867366,-0.016773137170950504,bear,2125.4824125258156,1148525.6764324498
2024-09-06,1152494.0322309365,3968.3557984867366,0.0,bear,2125.4824125258156,1148525.6764324498
2024-09-09,1165353.2008267175,3968.3557984867366,0.0111576877937398,bear,2125.4824125258156,1161384.845028231
2024-09-09,1165353.2008267175,3968.3557984867366,0.0,bear,2125.4824125258156,1161384.845028231
2024-09-10,1170411.8489685291,3968.3557984867366,0.004340871195293347,bull,2125.4824125258156,1166443.4931700423
2024-09-10,1170411.8489685291,3968.3557984867366,0.0,bull,2125.4824125258156,1166443.4931700423
2024-09-11,1182378.3149510492,3968.3557984867366,0.010224149723933446,bear,2125.4824125258156,1178409.9591525625
2024-09-11,1182378.3149510492,3968.3557984867366,0.0,bear,2125.4824125258156,1178409.9591525625
2024-09-12,1192304.317817545,3968.3557984867366,0.008394946643542602,transition,2125.4824125258156,1188335.9620190582
2024-09-13,1198510.7264621202,3968.3557984867366,0.0052053897246096435,bull,2125.4824125258156,1194542.3706636336
2024-09-16,1200274.8768645166,3968.3557984867366,0.0014719521181124856,bull,2125.4824125258156,1196306.52106603
2024-09-17,1200763.7378193978,3968.3557984867366,0.00040729083337829556,bull,2125.4824125258156,1196795.382020911
2024-09-18,1197214.1821904797,3968.3557984867366,-0.0029560816313158734,bull,2125.4824125258156,1193245.8263919929
2024-09-19,1217576.303702477,3968.3557984867366,0.01700791872907961,bear,2125.4824125258156,1213607.9479039903
2024-09-20,1211773.7367162816,3968.3557984867366,-0.004765670100962456,bull,2125.4824125258156,1207805.3809177948
2024-09-23,1214791.9217420681,3968.3557984867366,0.002490716653065388,bull,2125.4824125258156,1210823.5659435813
2024-09-24,1218256.458074485,3968.3557984867366,0.0028519586526789768,bull,2125.4824125258156,1214288.1022759983
2024-09-25,1215578.3502347027,3968.3557984867366,-0.0021983120401554363,bull,2125.4824125258156,1211609.9944362158
2024-09-26,1220381.9404870109,3968.3557984867366,0.00395169118582994,bull,2125.4824125258156,1216413.5846885242
2024-09-27,1218617.7900846144,3968.3557984867366,-0.0014455723604795744,bull,2125.4824125258156,1214649.4342861278
2024-09-30,1223485.1448092987,3968.3557984867366,0.0039941602398126,bull,2125.4824125258156,1219516.7890108118
2024-10-01,1212560.1652089162,3968.3557984867366,-0.008929392928661467,bear,2125.4824125258156,1208591.8094104293
2024-10-02,1213070.280987922,3968.3557984867366,0.0004206931694131918,bull,2125.4824125258156,1209101.9251894355
2024-10-03,1210859.7792788954,3968.3557984867366,-0.0018222371314104916,bull,2125.4824125258156,1206891.4234804087
2024-10-04,1221827.2685275287,3968.3557984867366,0.00905760471717449,bear,2125.4824125258156,1217858.912729042
2024-10-07,1210817.269630645,3968.3557984867366,-0.009011092795589983,bear,2125.4824125258156,1206848.913832158
2024-10-08,1222231.1101859082,3968.3557984867366,0.009426559103129546,bear,2125.4824125258156,1218262.7543874215
2024-10-09,1230669.2753636357,3968.3557984867366,0.00690390312225328,bear,2125.4824125258156,1226700.9195651491
2024-10-10,1228522.538126985,3968.3557984867366,-0.0017443656712859325,transition,2125.4824125258156,1224554.1823284982
2024-10-11,1235855.452450199,3968.3557984867366,0.0059688887225413005,bear,2125.4824125258156,1231887.0966517122
2024-10-14,1245930.2390855714,3968.3557984867366,0.008152075240998544,bear,2125.4824125258156,1241961.8832870848
2024-10-15,1236280.5489327041,3968.3557984867366,-0.007744968257572312,bear,2125.4824125258156,1232312.1931342173
2024-10-16,1241636.7646122691,3968.3557984867366,0.0043325244291751285,transition,2125.4824125258156,1237668.4088137823
2024-10-17,1241743.0387328956,3968.3557984867366,8.559195704847876e-05,bull,2125.4824125258156,1237774.6829344088
2024-10-18,1246504.1193369534,3968.3557984867366,0.00383419149980988,bull,2125.4824125258156,1242535.7635384665
2024-10-21,1244463.6562209283,3968.3557984867366,-0.001636948554257855,bull,2125.4824125258156,1240495.3004224417
2024-10-22,1243804.7566730455,3968.3557984867366,-0.0005294646770832415,bull,2125.4824125258156,1239836.4008745588
2024-10-23,1232475.935414283,3968.3557984867366,-0.009108199014341246,bear,2125.4824125258156,1228507.5796157962
2024-10-24,1235132.7884299401,3968.3557984867366,0.002155703766146133,bull,2125.4824125258156,1231164.4326314535
2024-10-25,1234707.691947435,3968.3557984867366,-0.0003441706725682986,bull,2125.4824125258156,1230739.3361489482
2024-10-28,1238512.305465856,3968.3557984867366,0.0030813880428818496,bull,2125.4824125258156,1234543.9496673695
2024-10-29,1240510.2589336303,3968.3557984867366,0.001613188225063853,bull,2125.4824125258156,1236541.9031351437
2024-10-30,1236769.4098875849,3968.3557984867366,-0.003015572841180019,bull,2125.4824125258156,1232801.0540890982
2024-10-31,1212602.6748571666,3968.3557984867366,-0.01954021084060842,bear,2125.4824125258156,1208634.3190586797
2024-10-31,1212602.6748571666,3968.3557984867366,0.0,bear,2125.4824125258156,1208634.3190586797
2024-11-01,1217703.8326472281,3968.3557984867366,0.0042067842136851805,transition,2125.4824125258156,1213735.4768487415
2024-11-01,1217703.8326472281,3968.3557984867366,0.0,transition,2125.4824125258156,1213735.4768487415
2024-11-04,1215089.4892798215,3968.3557984867366,-0.002146945174446219,transition,2125.4824125258156,1211121.133481335
2024-11-04,1215089.4892798215,3968.3557984867366,0.0,transition,2125.4824125258156,1211121.133481335
2024-11-05,1229734.0631021247,3968.3557984867366,0.012052259485005493,bear,2125.4824125258156,1225765.7073036379
2024-11-05,1229734.0631021247,3968.3557984867366,0.0,bear,2125.4824125258156,1225765.7073036379
2024-11-06,1260213.4808977447,3968.3557984867366,0.024785373285287883,bear,2125.4824125258156,1256245.125099258
2024-11-07,1269926.935522988,3968.3557984867366,0.007707785047914023,bear,2125.4824125258156,1265958.5797245011
2024-11-08,1275410.6801473047,3968.3557984867366,0.0043181575812929335,bull,2125.4824125258156,1271442.3243488178
2024-11-11,1276622.2051224438,3968.3557984867366,0.0009499096988895028,bull,2125.4824125258156,1272653.8493239572
2024-11-12,1272668.8078351459,3968.3557984867366,-0.0030967636873579325,bull,2125.4824125258156,1268700.4520366592
2024-11-13,1273285.1977347787,3968.3557984867366,0.0004843285981695381,bull,2125.4824125258156,1269316.841936292
2024-11-14,1265123.3452706793,3968.3557984867366,-0.006410074097004859,bull,2125.4824125258156,1261154.9894721927
2024-11-15,1248969.678935483,3968.3557984867366,-0.012768451705189329,bear,2125.4824125258156,1245001.3231369965
2024-11-18,1254070.836725545,3968.3557984867366,0.004084292738323172,bull,2125.4824125258156,1250102.4809270583
2024-11-19,1258640.6239124755,3968.3557984867366,0.003643962568224944,bull,2125.4824125258156,1254672.268113989
2024-11-20,1259065.7203949806,3968.3557984867366,0.0003377425409833675,bull,2125.4824125258156,1255097.364596494
2024-11-21,1265803.4996426874,3968.3557984867366,0.005351411875142667,bull,2125.4824125258156,1261835.1438442008
2024-11-22,1269714.387281735,3968.3557984867366,0.0030896483065116728,bull,2125.4824125258156,1265746.0314832483
2024-11-25,1274007.8617550372,3968.3557984867366,0.003381449022164683,bull,2125.4824125258156,1270039.5059565506
2024-11-26,1280639.366882118,3968.3557984867366,0.0052052309300080314,bull,2125.4824125258156,1276671.011083631
2024-11-27,1276770.9888913208,3968.3557984867366,-0.003020661468665631,bull,2125.4824125258156,1272802.6330928341
2024-11-29,1284677.7834659168,3968.3557984867366,0.006192805634988482,bull,2125.4824125258156,1280709.4276674301
2024-12-02,1286973.3044714448,3968.3557984867366,0.0017868457251085865,bull,2125.4824125258156,1283004.948672958
2024-12-03,1287568.439546952,3968.3557984867366,0.00046243000801919485,bull,2125.4824125258156,1283600.0837484652
2024-12-04,1295538.9985939236,3968.3557984867366,0.006190396410909356,bull,2125.4824125258156,1291570.642795437
2024-12-05,1293413.5161813977,3968.3557984867366,-0.001640616310919818,bull,2125.4824125258156,1289445.160382911
2024-12-06,1295857.8209558027,3968.3557984867366,0.0018898092093713376,bull,2125.4824125258156,1291889.4651573158
2024-12-09,1289205.0610045968,3968.3557984867366,-0.005133865647620942,bull,2125.4824125258156,1285236.7052061101
2024-12-10,1285209.1540690484,3968.3557984867366,-0.0030995122935948216,bull,2125.4824125258156,1281240.7982705615
2024-12-11,1295113.9021114185,3968.3557984867366,0.007706720739586372,transition,2125.4824125258156,1291145.546312932
2024-12-12,1288461.142160213,3968.3557984867366,-0.0051368145615296795,bull,2125.4824125258156,1284492.7863617262
2024-12-13,1288206.0842707097,3968.3557984867366,-0.00019795543781460178,bull,2125.4824125258156,1284237.728472223
2024-12-16,1293689.8288950264,3968.3557984867366,0.004256884586460556,bull,2125.4824125258156,1289721.4730965395
2024-12-17,1288376.1228637118,3968.3557984867366,-0.004107403422853788,bull,2125.4824125258156,1284407.767065225
2024-12-18,1250096.184614122,3968.3557984867366,-0.02971177249428057,bear,2125.4824125258156,1246127.828815635
2024-12-18,1250096.184614122,3968.3557984867366,0.0,bear,2125.4824125258156,1246127.828815635
2024-12-19,1249713.5977798672,3968.3557984867366,-0.000306045917876928,bull,2125.4824125258156,1245745.2419813806
2024-12-19,1249713.5977798672,3968.3557984867366,0.0,bull,2125.4824125258156,1245745.2419813806
2024-12-20,1260447.2839631224,3968.3557984867366,0.008588916854488662,bear,2125.4824125258156,1256478.9281646358
2024-12-20,1260447.2839631224,3968.3557984867366,0.0,bear,2125.4824125258156,1256478.9281646358
2024-12-23,1267971.4917034642,3968.3557984867366,0.0059694743572964205,bull,2125.4824125258156,1264003.1359049773
2024-12-23,1267971.4917034642,3968.3557984867366,0.0,bull,2125.4824125258156,1264003.1359049773
2024-12-24,1282020.9304502597,3968.3557984867366,0.011080248127598452,bear,2125.4824125258156,1278052.5746517729
2024-12-26,1282105.9497467605,3968.3557984867366,6.631662126684012e-05,bull,2125.4824125258156,1278137.593948274
2024-12-27,1268651.6460754722,3968.3557984867366,-0.010493909394887199,bear,2125.4824125258156,1264683.2902769854
2024-12-27,1268651.6460754722,3968.3557984867366,0.0,bear,2125.4824125258156,1264683.2902769854
2024-12-30,1254219.620494422,3968.3557984867366,-0.011375877393684189,bear,2125.4824125258156,1250251.2646959352
2024-12-30,1254219.620494422,3968.3557984867366,0.0,bear,2125.4824125258156,1250251.2646959352
2024-12-31,1249671.0881316168,3968.3557984867366,-0.0036265836449059464,bull,2125.4824125258156,1245702.73233313
2024-12-31,1249671.0881316168,3968.3557984867366,0.0,bull,2125.4824125258156,1245702.73233313
